designation;prix_vente_FCFA;categorie;DCI;dosage;forme;liste;classe_therapeutique;source_identification;confiance
"2292580 6118000030188 1";"0";"";"";"";"";"";"";"non identifié";"à vérifier"
"8906067081865 8906067081865";"0";"";"";"";"";"";"";"non identifié";"à vérifier"
"A PAR SOL AER F/200ML";"17990";"";"";"200ml";"";"";"";"non identifié";"à vérifier"
"ACNEX-NH CR+A.AGE 25G+100G";"9455";"";"";"25g";"Crème / pommade";"";"";"non identifié";"à vérifier"
"ACTIGRIP PLUS COMP EFFERV POCHETTE/4";"665";"Médicament";"Paracetamol + Pseudoephedrine + Triprolidine";"";"Comprimé";"";"";"identification manuelle (marque)";"à vérifier"
"ACTOVNZ KIT COMP B/4";"4160";"";"";"";"Comprimé";"";"";"non identifié";"à vérifier"
"AFINE C 280/10/100MG PDR EN B/10";"2635";"Médicament";"Paracetamol + Chlorphenamine + Vitamine C";"280/10/100mg";"";"";"";"identification manuelle (marque)";"à vérifier"
"ALCER 40MG CPR B/30";"8320";"Médicament";"Esomeprazole";"40mg";"Comprimé";"";"";"identification manuelle (marque)";"à vérifier"
"ALCER D 40MG/30MG GEL";"3465";"Médicament";"Esomeprazole + Domperidone";"40mg/30mg";"Gel";"";"";"identification manuelle (marque)";"à vérifier"
"ALERBIX 10MG COMP.ORODISP.B/20";"4645";"";"";"10mg";"Comprimé";"";"";"non identifié";"à vérifier"
"ALERBIX 2,5MG/ML S.BUV FL/120ML";"6695";"";"";"2,5mg";"";"";"";"non identifié";"à vérifier"
"ALEZE COMP B/28";"1000";"Médicament";"Levonorgestrel + Ethinylestradiol";"";"Comprimé";"";"";"identification manuelle (marque)";"à vérifier"
"ALFOSA 35MG COMP B/4";"4965";"Médicament";"Acide alendronique";"35mg";"Comprimé";"";"";"identification manuelle (marque)";"à vérifier"
"ALLCOLD 125MG/2,5MG/1MG/5ML SP FL/100ML";"2080";"Médicament";"Paracetamol + Chlorphenamine + Phenylephrine";"125mg/2,5mg";"Sirop";"";"";"identification manuelle (marque)";"à vérifier"
"AMADAY PL 10MG/4MG CPR B/30";"9705";"Médicament";"Amlodipine + Perindopril";"10mg/4mg";"Comprimé";"";"";"identification manuelle (marque)";"à vérifier"
"AMADAY PL 10MG/8MG CPR B/30";"10055";"Médicament";"Amlodipine + Perindopril";"10mg/8mg";"Comprimé";"";"";"identification manuelle (marque)";"à vérifier"
"AMADAY PL 5MG/4MG CPR B/30";"8665";"Médicament";"Amlodipine + Perindopril";"5mg/4mg";"Comprimé";"";"";"identification manuelle (marque)";"à vérifier"
"AMADAY PL 5MG/8MG CPR B/30";"9370";"Médicament";"Amlodipine + Perindopril";"5mg/8mg";"Comprimé";"";"";"identification manuelle (marque)";"à vérifier"
"AMIFER INJ DETAIL B/1";"3330";"Médicament";"Fer";"";"Injectable";"";"";"identification manuelle (marque)";"à vérifier"
"AMIFER SP F/200ML";"3385";"Médicament";"Fer";"200ml";"Sirop";"";"";"identification manuelle (marque)";"à vérifier"
"AMITRON 500MG GELU B/12";"1385";"";"";"500mg";"Gélule";"";"";"non identifié";"à vérifier"
"AMLOSTRIDES-T 10MG/40MG CP B/30 8902501026324";"8805";"Médicament";"Amlodipine + Telmisartan";"10mg/40mg";"Comprimé";"";"";"identification manuelle (marque)";"à vérifier"
"AMLOSTRIDES-T 5MG/40MG CP B/30 8902501021220";"6865";"Médicament";"Amlodipine + Telmisartan";"5mg/40mg";"Comprimé";"";"";"identification manuelle (marque)";"à vérifier"
"AMLOSTRIDES-T 5MG/80MG CP B/30 8902501026300";"10330";"Médicament";"Amlodipine + Telmisartan";"5mg/80mg";"Comprimé";"";"";"identification manuelle (marque)";"à vérifier"
"AMTIBA 500MG CPR B/4";"860";"";"";"500mg";"Comprimé";"";"";"non identifié";"à vérifier"
"ANTIBIO SYNALAR GTTE AURIC 10ML";"1985";"";"";"10ml";"Gouttes";"";"";"non identifié";"à vérifier"
"APPYLAND SP FL/200ML";"3605";"";"";"200ml";"Sirop";"";"";"non identifié";"à vérifier"
"ARSIQUINIFORME 250MG COMP B/15";"2995";"";"";"250mg";"Comprimé";"";"";"non identifié";"à vérifier"
"ARTECOM CP PELL B/8";"4855";"";"";"";"Comprimé";"";"";"non identifié";"à vérifier"
"ARTECOM PDRE S.BUV FL/60ML";"3880";"";"";"60ml";"Poudre / sachet";"";"";"non identifié";"à vérifier"
"ASOMEX-D 2,5/12,5MG COMP B/30";"6155";"Médicament";"Amlodipine + Hydrochlorothiazide";"2,5/12,5mg";"Comprimé";"";"";"identification manuelle (marque)";"à vérifier"
"ASTRIAM RETARD 80MG/2ML INJ B/1";"4440";"";"";"80mg/2ml";"Injectable";"";"";"non identifié";"à vérifier"
"AVENIR PLUS";"197675";"";"";"";"";"";"";"non identifié";"à vérifier"
"AZODERM CREME";"1385";"";"";"";"Crème / pommade";"";"";"non identifié";"à vérifier"
"BAZEBIBOUTA BORIS";"18785";"";"";"";"";"";"";"non identifié";"à vérifier"
"BETAZ 8902501007057";"0";"";"";"";"";"";"";"non identifié";"à vérifier"
"BIOCIDAN 0,25%? COLLYRE F/10ML";"2150";"";"";"0,25%";"Collyre";"";"";"non identifié";"à vérifier"
"BIOFER 12 CPR B/30";"2955";"";"";"";"Comprimé";"";"";"non identifié";"à vérifier"
"BRONCHODERMINE POMMADE T/60G";"9760";"";"";"60g";"Crème / pommade";"";"";"non identifié";"à vérifier"
"BUCCOTHYMOL BAIN BOUCHE F/150ML";"2530";"";"";"150ml";"";"";"";"non identifié";"à vérifier"
"CALCVITA COMP EFF B/10";"3175";"Nutrition / complément";"Calcium + Vitamine C";"";"Comprimé";"";"";"identification manuelle (marque)";"à vérifier"
"CANKIR 50MG PDR SUSP BUV FL/60ML";"2495";"";"";"50mg";"Suspension buvable";"";"";"non identifié";"à vérifier"
"CEFORNA 100MG/125MG SP FL/60ML";"7690";"";"";"100mg/125mg";"Sirop";"";"";"non identifié";"à vérifier"
"CEFORNA CP B/10";"7700";"";"";"";"Comprimé";"";"";"non identifié";"à vérifier"
"CETVLON CREME CUTANEE T/80G";"8580";"";"";"80g";"Crème / pommade";"";"";"non identifié";"à vérifier"
"CICADERMA BIORON POMMADE T/30G 3352712007844";"5635";"";"";"30g";"Crème / pommade";"";"";"non identifié";"à vérifier"
"CIELCEF 100MG/5ML SUSP F/60ML";"7440";"Médicament";"Cefixime";"100mg/5ml";"Suspension buvable";"";"";"identification manuelle (marque)";"à vérifier"
"CIELPRAZ 40MG INJ B/1";"4160";"Médicament";"Pantoprazole";"40mg";"Injectable";"";"";"identification manuelle (marque)";"à vérifier"
"CITINEX 500MG/600MG CPR PELL B/30";"8595";"";"";"500mg/600mg";"Comprimé";"";"";"non identifié";"à vérifier"
"CLEANTRACT-S PDR SACH B/10";"3765";"";"";"";"Poudre / sachet";"";"";"non identifié";"à vérifier"
"CLORENA 1% CREME T/30G";"1580";"Médicament";"Clotrimazole";"1%";"Crème / pommade";"";"";"identification manuelle (marque)";"à vérifier"
"CONGHIST SP FL/100ML";"2220";"";"";"100ml";"Sirop";"";"";"non identifié";"à vérifier"
"COQUELUSEDAL ENF SUP SN B/10";"1940";"";"";"";"";"";"";"non identifié";"à vérifier"
"COQUELUSEDAL NOUR SUPPO B/10";"1870";"";"";"";"Suppositoire";"";"";"non identifié";"à vérifier"
"COQUELUSEDAL PARA BB 100MG SUPPO B/10";"2010";"";"";"100mg";"Suppositoire";"";"";"non identifié";"à vérifier"
"CORICIDE LE DIABLE 11G/100G SOL.5ML 3400933924055";"8750";"";"";"11g/100g";"";"";"";"non identifié";"à vérifier"
"DATRAMOL ORAL TABS B/10";"1805";"Médicament";"Tramadol";"";"";"";"";"identification manuelle (marque)";"à vérifier"
"DIAGNOSTIQUE DE PEAU";"2500";"";"";"";"";"";"";"non identifié";"à vérifier"
"DIAZAC 10MG COMP PELL B/14";"8320";"";"";"10mg";"Comprimé";"";"";"non identifié";"à vérifier"
"DIAZAC 10MG COMP PELL B/30";"13860";"";"";"10mg";"Comprimé";"";"";"non identifié";"à vérifier"
"DIAZAC 5MG COMP B/14";"6655";"";"";"5mg";"Comprimé";"";"";"non identifié";"à vérifier"
"DIAZAC M ER LP 10MG/1G COMP B/30";"17535";"";"";"10mg/1g";"Comprimé";"";"";"non identifié";"à vérifier"
"DIAZAC M ER LP 10MG/500MG COMP B/30";"15940";"";"";"10mg/500mg";"Comprimé";"";"";"non identifié";"à vérifier"
"DIAZAC M ER LP 5MG/1G COMP B/30";"12750";"";"";"5mg/1g";"Comprimé";"";"";"non identifié";"à vérifier"
"DIFLUSTERO COLLYRE FL/5ML";"5130";"Médicament";"Difluprednate";"5ml";"Collyre";"";"";"identification manuelle (marque)";"à vérifier"
"DIGEREX SP F/100ML";"2080";"";"";"100ml";"Sirop";"";"";"non identifié";"à vérifier"
"DIVERS 2";"929745";"";"";"";"";"";"";"non identifié";"à vérifier"
"DIVERS 3";"929745";"";"";"";"";"";"";"non identifié";"à vérifier"
"DIZONAL GEL T/30G";"3465";"";"";"30g";"Gel";"";"";"non identifié";"à vérifier"
"DOC BIENVENUE";"272785";"";"";"";"";"";"";"non identifié";"à vérifier"
"DOLIMEX 300MG PDRE SUSP SACHET B/12";"1315";"";"";"300mg";"Suspension buvable";"";"";"non identifié";"à vérifier"
"DOLIMEX MIGRAINE CP EFF B/16";"2635";"";"";"";"Comprimé";"";"";"non identifié";"à vérifier"
"DOLMIGAN 3000 COMP.B/30";"7655";"";"";"";"Comprimé";"";"";"non identifié";"à vérifier"
"DOLMIGAN 50MG/500MG/4MG/100MG COMP B/10";"980";"";"";"50mg/500mg";"Comprimé";"";"";"non identifié";"à vérifier"
"DOLO DENK GEL T/20G";"2565";"";"";"20g";"Gel";"";"";"non identifié";"à vérifier"
"DOLOFORTE DENK CP B/20";"2495";"";"";"";"Comprimé";"";"";"non identifié";"à vérifier"
"DOLOGAN DENK COMP B/20 3664540019259";"2220";"";"";"";"Comprimé";"";"";"non identifié";"à vérifier"
"DRILL TX SECHE ENF SP F/125ML";"3660";"Médicament";"Dextromethorphane";"125ml";"Sirop";"";"";"identification manuelle (marque)";"à vérifier"
"DRILL TX SECHE SS AD F/125ML";"3660";"Médicament";"Dextromethorphane";"125ml";"Suspension buvable";"";"";"identification manuelle (marque)";"à vérifier"
"DRILL TX SECHE SS ENF F/125ML";"3660";"Médicament";"Dextromethorphane";"125ml";"Suspension buvable";"";"";"identification manuelle (marque)";"à vérifier"
"DYNAMOGEN AMPOULE BTE 20";"4425";"";"";"";"Injectable";"";"";"non identifié";"à vérifier"
"DYSPNEE2 10/5MG COMP B/10";"2775";"Médicament";"Montelukast + Levocetirizine";"10/5mg";"Comprimé";"";"";"identification manuelle (marque)";"à vérifier"
"DYSPNEE2 4/2,5MG SP F/60ML";"3465";"Médicament";"Montelukast + Levocetirizine";"4/2,5mg";"Sirop";"";"";"identification manuelle (marque)";"à vérifier"
"EFLAVYL 200MG GELU B/50";"3800";"";"";"200mg";"Gélule";"";"";"non identifié";"à vérifier"
"EL-GAZ 400MG/25MG/100MG SP F/200ML";"3120";"";"";"400mg/25mg";"Sirop";"";"";"non identifié";"à vérifier"
"EL-MAGDOX 470MG/5MG COMP B/50";"3050";"";"";"470mg/5mg";"Comprimé";"";"";"non identifié";"à vérifier"
"EL-METMOX 750MG/500MG COMP B/40";"7075";"";"";"750mg/500mg";"Comprimé";"";"";"non identifié";"à vérifier"
"EMERGYL PDR SUSP BUV GRANULE B/500G";"13865";"";"";"500g";"Suspension buvable";"";"";"non identifié";"à vérifier"
"EPHEDRYL SOL.BUV.F/100ML";"1415";"";"";"100ml";"";"";"";"non identifié";"à vérifier"
"EPITOPIC CREME 0,05% T/15G";"1955";"";"";"0,05%";"Crème / pommade";"";"";"non identifié";"à vérifier"
"EUPHON PAST MENTHOL B/70";"5400";"";"";"";"";"";"";"non identifié";"à vérifier"
"EUPHON PASTILLE SS SUC B/70";"5460";"";"";"";"Suspension buvable";"";"";"non identifié";"à vérifier"
"EUPHON SIROP FL/300ML";"3955";"";"";"300ml";"Sirop";"";"";"non identifié";"à vérifier"
"EXAMEN DE VUE OPHTALMOLOGIQUE RGK";"2500";"";"";"";"";"";"";"non identifié";"à vérifier"
"EXOFENE SILIC EXT TALC B/160G";"4230";"";"";"160g";"";"";"";"non identifié";"à vérifier"
"EXPECTIL SIROP FL/100ML";"2540";"";"";"100ml";"Sirop";"";"";"non identifié";"à vérifier"
"FEBRIMAX COMP.B/10";"1180";"Médicament";"Paracetamol";"";"Comprimé";"";"";"identification manuelle (marque)";"à vérifier"
"FEDATE SP F/200ML";"3465";"";"";"200ml";"Sirop";"";"";"non identifié";"à vérifier"
"FEREMI CP B/30";"3330";"";"";"";"Comprimé";"";"";"non identifié";"à vérifier"
"FESTIV SP F/100ML";"2525";"";"";"100ml";"Sirop";"";"";"non identifié";"à vérifier"
"FEVAROL 500MG/2MG/30MG/5MG CPR B/4 DETAIL";"325";"";"";"500mg/2mg";"Comprimé";"";"";"non identifié";"à vérifier"
"FINANEMI 20MG SOL INJ B/1 DETAIL";"1180";"";"";"20mg";"Injectable";"";"";"non identifié";"à vérifier"
"FLUCTOR PDRE S.ORAL SACH B/10";"2495";"";"";"";"Poudre / sachet";"";"";"non identifié";"à vérifier"
"FOCE 100MG COMP B/10";"4535";"";"";"100mg";"Comprimé";"";"";"non identifié";"à vérifier"
"FOCE 200MG COMP B/10";"5545";"";"";"200mg";"Comprimé";"";"";"non identifié";"à vérifier"
"FOCE 40MG/5ML PDR S.BUV FL/100ML";"5410";"";"";"40mg/5ml";"";"";"";"non identifié";"à vérifier"
"FOCE 40MG/5ML PDR S.BUV FL/50ML";"3880";"";"";"40mg/5ml";"";"";"";"non identifié";"à vérifier"
"FONGID CREME T/15G";"1735";"";"";"15g";"Crème / pommade";"";"";"non identifié";"à vérifier"
"FORTALINE PLUS 500MG CAPS B/20";"4645";"";"";"500mg";"Gélule";"";"";"non identifié";"à vérifier"
"FORTEFLEX KINE 75ML";"17850";"";"";"75ml";"";"";"";"non identifié";"à vérifier"
"FORTEFLEX MAX COMP B/120";"28830";"";"";"";"Comprimé";"";"";"non identifié";"à vérifier"
"FORTYMOX CY FL/10ML";"5895";"Médicament";"Moxifloxacine";"10ml";"";"";"";"identification manuelle (marque)";"à vérifier"
"GYNORIL OVULES B/12";"5450";"";"";"";"Ovule";"";"";"non identifié";"à vérifier"
"HAEM UP 1ML INJ AMP B/1 DETAIL";"2115";"Médicament";"Fer (saccharose)";"1ml";"Injectable";"";"";"identification manuelle (marque)";"à vérifier"
"HAEM UP 20MG/ML SOL INJ AMP/5ML B/5";"10580";"Médicament";"Fer (saccharose)";"20mg";"Injectable";"";"";"identification manuelle (marque)";"à vérifier"
"HAPPI SIROP F/100ML";"2080";"";"";"100ml";"Sirop";"";"";"non identifié";"à vérifier"
"HEMOREX KIT CR T/35G + CPR B/30";"7765";"";"";"35g";"Comprimé";"";"";"non identifié";"à vérifier"
"HEPALOR 500MG B/10";"3880";"";"";"500mg";"";"";"";"non identifié";"à vérifier"
"HUMEX 0,30G/0,03/100ML COLL SPR/35ML";"2635";"";"";"0,30g";"Collyre";"";"";"non identifié";"à vérifier"
"HUMEX RHUME CPR/12 + GEL/4";"2270";"";"";"";"Gélule";"";"";"non identifié";"à vérifier"
"IPEPRAZOLE 20MG CP B/14";"1805";"";"";"20mg";"Comprimé";"";"";"non identifié";"à vérifier"
"IVAGINE OVULE 500MG+100MG B/6";"2110";"Médicament";"Metronidazole + Miconazole";"500mg";"Ovule";"";"";"identification manuelle (marque)";"à vérifier"
"IZAFFEN CR T/60G";"3290";"";"";"60g";"Crème / pommade";"";"";"non identifié";"à vérifier"
"KINGSMAN PASTILLES B/12";"13280";"";"";"";"";"";"";"non identifié";"à vérifier"
"KINGSMAN PASTILLES DETAIL";"1200";"";"";"";"";"";"";"non identifié";"à vérifier"
"KOFCLEAN SP F/100ML";"2650";"";"";"100ml";"Sirop";"";"";"non identifié";"à vérifier"
"LACTAMOUSSE FL/125ML";"3560";"";"";"125ml";"";"";"";"non identifié";"à vérifier"
"LACTOEX PDRE SUSP BUV SAHET B/25";"2775";"";"";"";"Suspension buvable";"";"";"non identifié";"à vérifier"
"LARMABACK 0.9% COLLYRE F/10ML";"3965";"";"";"0.9%";"Collyre";"";"";"non identifié";"à vérifier"
"LIBERTY PLUS COMP.B/21";"1180";"Médicament";"Levonorgestrel + Ethinylestradiol";"";"Comprimé";"";"";"identification manuelle (marque)";"à vérifier"
"LITACOLD CP B/80";"5270";"Médicament";"Paracetamol + Chlorphenamine + Phenylephrine";"";"Comprimé";"";"";"identification manuelle (marque)";"à vérifier"
"LITACOLD CPR DETAIL";"300";"Médicament";"Paracetamol + Chlorphenamine + Phenylephrine";"";"Comprimé";"";"";"identification manuelle (marque)";"à vérifier"
"LITACOLD NUIT 500MG/25MG COMP B/16";"2080";"Médicament";"Paracetamol + Chlorphenamine + Phenylephrine";"500mg/25mg";"Comprimé";"";"";"identification manuelle (marque)";"à vérifier"
"LITACOLD NUIT MAX 1G/50MG BLIS/8 CP DETAI";"695";"Médicament";"Paracetamol + Chlorphenamine + Phenylephrine";"1g/50mg";"Comprimé";"";"";"identification manuelle (marque)";"à vérifier"
"LITACOLD RHUME JOUR/NUIT COMP B/24";"2080";"Médicament";"Paracetamol + Chlorphenamine + Phenylephrine";"";"Comprimé";"";"";"identification manuelle (marque)";"à vérifier"
"LITACOLD SOMMEIL 25MG COMP BLIS/10 DETAIL";"530";"Médicament";"Paracetamol + Chlorphenamine + Phenylephrine";"25mg";"Comprimé";"";"";"identification manuelle (marque)";"à vérifier"
"LOCARD 25MG CP/10";"1485";"";"";"25mg";"Comprimé";"";"";"non identifié";"à vérifier"
"LOCARD 50MG CP/10";"1580";"";"";"50mg";"Comprimé";"";"";"non identifié";"à vérifier"
"LOCARD H 25MG/12,5MG CP B/10";"1815";"";"";"25mg/12,5mg";"Comprimé";"";"";"non identifié";"à vérifier"
"LRJ 30MG COLL F/10ML";"3880";"";"";"30mg";"Collyre";"";"";"non identifié";"à vérifier"
"LUEX AD TOUX GRASSE SP F/100ML";"1940";"";"";"100ml";"Sirop";"";"";"non identifié";"à vérifier"
"LUEX AD TOUX SECHE SP F/100ML";"1315";"";"";"100ml";"Sirop";"";"";"non identifié";"à vérifier"
"LUEX ENF TOUX SECHE SP F/100ML";"1110";"";"";"100ml";"Sirop";"";"";"non identifié";"à vérifier"
"LYSOPAINE CETYL SS B/2X18";"13285";"Médicament";"Cetylpyridinium + Lysozyme";"";"Suspension buvable";"";"";"identification manuelle (marque)";"à vérifier"
"M-TD LP 20MG COMP B/4";"6420";"";"";"20mg";"Comprimé";"";"";"non identifié";"à vérifier"
"MALAB ADULTE 150MG AMP 2ML B/3";"5560";"Médicament";"Artemether";"150mg";"Injectable";"";"";"identification manuelle (marque)";"à vérifier"
"MALAB FORT 225MG AMP 3ML B/3";"8345";"Médicament";"Artemether";"225mg";"Injectable";"";"";"identification manuelle (marque)";"à vérifier"
"MAXMOIST SOL OPHTALM FL.10ML";"3815";"";"";"10ml";"";"";"";"non identifié";"à vérifier"
"MEGACID SUSP BUV F/200ML";"2205";"";"";"200ml";"Suspension buvable";"";"";"non identifié";"à vérifier"
"MENTHOLATUM DEEP HEAT 35G 3401020100140";"3415";"Médicament";"Menthol + Salicylate de methyle";"35g";"";"";"";"identification manuelle (marque)";"à vérifier"
"MENTHOLATUM DEEP HEAT 67G";"4125";"Médicament";"Menthol + Salicylate de methyle";"67g";"";"";"";"identification manuelle (marque)";"à vérifier"
"MERCUR INHALER TAMPON MENTHOL";"3750";"";"";"";"Injectable";"";"";"non identifié";"à vérifier"
"METEX-G FORTE 500/2MG CPR B/10 DETAIL";"1950";"Médicament";"Metformine + Glimepiride";"500/2mg";"Comprimé";"";"";"identification manuelle (marque)";"à vérifier"
"MONSIEUR GELULE B/10";"6935";"";"";"";"Gélule";"";"";"non identifié";"à vérifier"
"MYCOAPAISYL 1% CREME T/30G 3400935176141";"10025";"";"";"1%";"Crème / pommade";"";"";"non identifié";"à vérifier"
"MYCOVA 100MG CPR B/10";"2470";"";"";"100mg";"Comprimé";"";"";"non identifié";"à vérifier"
"NEOMEX PDRE SP 250MG F/60ML 3401021267514";"2220";"";"";"250mg";"Sirop";"";"";"non identifié";"à vérifier"
"NESTEFFER COLD COMP B/80";"5545";"Médicament";"Paracetamol + Chlorphenamine + Phenylephrine";"";"Comprimé";"";"";"identification manuelle (marque)";"à vérifier"
"NESTEFFER COLD COMP.POCHE/4 DETAIL";"275";"Médicament";"Paracetamol + Chlorphenamine + Phenylephrine";"";"Comprimé";"";"";"identification manuelle (marque)";"à vérifier"
"NEUFER PLUS COMP B/30";"2745";"Nutrition / complément";"Fer + Acide folique";"";"Comprimé";"";"";"identification manuelle (marque)";"à vérifier"
"NEUFER PLUS SP FL/200ML";"3440";"Nutrition / complément";"Fer + Acide folique";"200ml";"Sirop";"";"";"identification manuelle (marque)";"à vérifier"
"NEUROKIR GELULE B/30";"5545";"";"";"";"Gélule";"";"";"non identifié";"à vérifier"
"NEUROPLUS COMP B/10";"6335";"";"";"";"Comprimé";"";"";"non identifié";"à vérifier"
"NORMA 1";"0";"";"";"";"";"";"";"non identifié";"à vérifier"
"NUGEL COMP B/30";"2010";"";"";"";"Comprimé";"";"";"non identifié";"à vérifier"
"NUGEL-O SUSP BUV FL/200ML";"3105";"";"";"200ml";"Suspension buvable";"";"";"non identifié";"à vérifier"
"ODIFLEX PDRE S.ORAL 5G SACH/10";"6655";"";"";"5g";"Poudre / sachet";"";"";"non identifié";"à vérifier"
"ODYFEBAL SUSP BUV 125MG 100ML";"1385";"";"";"125mg";"Suspension buvable";"";"";"non identifié";"à vérifier"
"OMIT 10MG/10MG COMP PELL B/30";"4380";"";"";"10mg/10mg";"Comprimé";"";"";"non identifié";"à vérifier"
"OPHTALGYLE 0,1% COLLY";"1665";"";"";"0,1%";"Collyre";"";"";"non identifié";"à vérifier"
"ORCHAPRED GEL OPHT F/";"3175";"";"";"";"Gel";"";"";"non identifié";"à vérifier"
"OSTEON 70MG COMP B/10";"34665";"Médicament";"Acide alendronique";"70mg";"Comprimé";"";"";"identification manuelle (marque)";"à vérifier"
"OTOLAYO HYC OREILLE SOL AURIC.F/50ML";"6375";"";"";"50ml";"";"";"";"non identifié";"à vérifier"
"PACK F.L. N?1/ 2FL2 4";"9210";"";"";"";"";"";"";"non identifié";"à vérifier"
"PB-NERVE COMP/B/30";"5545";"";"";"";"Comprimé";"";"";"non identifié";"à vérifier"
"PENIS DEV CREAM T/75ML";"14510";"";"";"75ml";"";"";"";"non identifié";"à vérifier"
"PEPTEX 250MG/250MG/50";"2080";"";"";"250mg/250mg";"";"";"";"non identifié";"à vérifier"
"PEPTEX SOL BUV SACHET B";"3815";"";"";"";"Poudre / sachet";"";"";"non identifié";"à vérifier"
"POLYVUE COLLYRE FL/3ML";"1805";"";"";"3ml";"Collyre";"";"";"non identifié";"à vérifier"
"POMMADE HEC NAS DERMIQUE T/25G 3400930470312";"12925";"";"";"25g";"Crème / pommade";"";"";"non identifié";"à vérifier"
"POUXIR SHP ABRI SS PEIGNE 100ML";"8785";"";"";"100ml";"Suspension buvable";"";"";"non identifié";"à vérifier"
"POWER STICK COOL BLAS";"1500";"";"";"";"";"";"";"non identifié";"à vérifier"
"PRELIEF GEL T/30G";"1735";"";"";"30g";"Gel";"";"";"non identifié";"à vérifier"
"PRIMIGYN GEL 0,5MG SER B/1";"7625";"Médicament";"Estriol";"0,5mg";"Injectable";"";"";"identification manuelle (marque)";"à vérifier"
"PRINCI B FORT CPR B/3";"5005";"";"";"";"Comprimé";"";"";"non identifié";"à vérifier"
"PROCOMIL CREME T/5G";"3465";"";"";"5g";"Crème / pommade";"";"";"non identifié";"à vérifier"
"PROCOMIL DRAG B/30";"9410";"";"";"";"Comprimé";"";"";"non identifié";"à vérifier"
"PROCOMIL SPRAY FL/15G";"11645";"";"";"15g";"Spray";"";"";"non identifié";"à vérifier"
"PROCTO FLINAR CREME T/15G";"4855";"";"";"15g";"Crème / pommade";"";"";"non identifié";"à vérifier"
"PROFEMIGR 150MG COMP.B/10";"2830";"";"";"150mg";"Comprimé";"";"";"non identifié";"à vérifier"
"PROFENOL CPR B/20";"2010";"";"";"";"Comprimé";"";"";"non identifié";"à vérifier"
"PROFENOL SUSP BUV F/1";"2110";"";"";"";"Suspension buvable";"";"";"non identifié";"à vérifier"
"PROFIZ FORTE 500MG/6";"5555";"";"";"500mg";"";"";"";"non identifié";"à vérifier"
"PROGLAU 20MG/ML COLL";"6900";"Médicament";"Pilocarpine";"20mg";"Collyre";"";"";"identification manuelle (marque)";"à vérifier"
"PROPOFAN GELU B/15";"2605";"";"";"";"Gélule";"";"";"non identifié";"à vérifier"
"PROSTAFIP CPR B/30";"8305";"";"";"";"Comprimé";"";"";"non identifié";"à vérifier"
"PROSTALEN COMP B/30";"9165";"Médicament";"Extrait de Serenoa repens";"";"Comprimé";"";"";"identification manuelle (marque)";"à vérifier"
"PRUREX CREME DERM T";"2425";"";"";"";"Crème / pommade";"";"";"non identifié";"à vérifier"
"PULMOFIRST 62.5MG COMP.B/10";"13865";"Médicament";"Amoxicilline + Acide clavulanique";"62.5mg";"Comprimé";"";"";"identification manuelle (marque)";"à vérifier"
"PULMOSERUM AD S.BUV FL/200ML";"2080";"";"";"200ml";"";"";"";"non identifié";"à vérifier"
"PURGALAX CPR B/30";"4755";"";"";"";"Comprimé";"";"";"non identifié";"à vérifier"
"PYROSIX SUSP BUV F/25";"2635";"";"";"";"Suspension buvable";"";"";"non identifié";"à vérifier"
"RALDOL CP B/10";"1135";"";"";"";"Comprimé";"";"";"non identifié";"à vérifier"
"RALDOL SIROP F/100ML";"1995";"";"";"100ml";"Sirop";"";"";"non identifié";"à vérifier"
"RAMET DALIBOUR PAIN 1";"3980";"";"";"";"";"";"";"non identifié";"à vérifier"
"RAPIDEX 0,05% ENF SPR";"1180";"";"";"0,05%";"";"";"";"non identifié";"à vérifier"
"RAPIDEX 0,10% AD SPRA";"1180";"";"";"0,10%";"";"";"";"non identifié";"à vérifier"
"RAPIDEX 250MG/5MG/2,5";"1315";"";"";"250mg/5mg";"";"";"";"non identifié";"à vérifier"
"RAPIDEX 500/10/10/50ML SACH B/10";"3160";"";"";"500/10/10/50ml";"Poudre / sachet";"";"";"non identifié";"à vérifier"
"RAPIDEX 500/10/30/2,5MG COMP B/80";"6935";"";"";"500/10/30/2,5mg";"Comprimé";"";"";"non identifié";"à vérifier"
"RAPIDEX CPR DETAIL";"315";"";"";"";"Comprimé";"";"";"non identifié";"à vérifier"
"RASGIL HTZ 10MG/12,5M";"5960";"Médicament";"Ramipril + Hydrochlorothiazide";"10mg";"";"";"";"identification manuelle (marque)";"à vérifier"
"RASGIL HTZ 10MG/25MG COMP B/30 3705629278270";"6380";"Médicament";"Ramipril + Hydrochlorothiazide";"10mg/25mg";"Comprimé";"";"";"identification manuelle (marque)";"à vérifier"
"RASGIL HTZ 5MG/12,5MG";"4160";"Médicament";"Ramipril + Hydrochlorothiazide";"5mg/12,5mg";"";"";"";"identification manuelle (marque)";"à vérifier"
"RASGIL HTZ 5MG/25MG C";"5960";"Médicament";"Ramipril + Hydrochlorothiazide";"5mg/25mg";"";"";"";"identification manuelle (marque)";"à vérifier"
"RECIZ SACHET B/25";"7700";"";"";"";"Poudre / sachet";"";"";"non identifié";"à vérifier"
"RENANGIO 40MG CPR B/3";"5545";"Médicament";"Telmisartan";"40mg";"Comprimé";"";"";"identification manuelle (marque)";"à vérifier"
"RENANGIO 80MG COMP B/30";"6240";"Médicament";"Telmisartan";"80mg";"Comprimé";"";"";"identification manuelle (marque)";"à vérifier"
"RENANGIO PLUS 40MG/12";"5670";"Médicament";"Telmisartan + Hydrochlorothiazide";"40mg";"";"";"";"identification manuelle (marque)";"à vérifier"
"RENANGIO PLUS 80MG/12";"6240";"Médicament";"Telmisartan + Hydrochlorothiazide";"80mg";"";"";"";"identification manuelle (marque)";"à vérifier"
"RENERVE PLUS BT GEL B";"9290";"Médicament";"Methylcobalamine + Acide alpha-lipoique";"";"Gélule";"";"";"identification manuelle (marque)";"à vérifier"
"RESPIBIEN 0,5MG GTTE";"1580";"";"";"0,5mg";"Gouttes";"";"";"non identifié";"à vérifier"
"RESTOCINE COMP COFFRET/50 POCHETTES DE 4";"14560";"";"";"";"Comprimé";"";"";"non identifié";"à vérifier"
"RESTOCINE COMP POCHET";"300";"";"";"";"Comprimé";"";"";"non identifié";"à vérifier"
"RETIFEN CY 5MG/5ML";"1735";"";"";"5mg/5ml";"";"";"";"non identifié";"à vérifier"
"RHINEX 100MG/2,5MG SP";"1525";"";"";"100mg/2,5mg";"Sirop";"";"";"non identifié";"à vérifier"
"RHINEX FLASH 500MG/5M";"1525";"";"";"500mg";"";"";"";"non identifié";"à vérifier"
"RHINORIL 300MG SACH B";"3330";"";"";"300mg";"Poudre / sachet";"";"";"non identifié";"à vérifier"
"RUBIX HOT GEL T/30G";"1485";"";"";"30g";"Gel";"";"";"non identifié";"à vérifier"
"RUNN 100MG CPR B/30";"4855";"Médicament";"Aceclofenac";"100mg";"Comprimé";"";"";"identification manuelle (marque)";"à vérifier"
"RUNN GEL T/30G";"1735";"Médicament";"Aceclofenac";"30g";"Gel";"";"";"identification manuelle (marque)";"à vérifier"
"SAFEX KIT CPR B/4";"4160";"";"";"";"Comprimé";"";"";"non identifié";"à vérifier"
"SALIFEN 1% GEL 30MG T";"1665";"";"";"1%";"Gel";"";"";"non identifié";"à vérifier"
"SALVATIS LOT FL/125ML";"4805";"";"";"125ml";"";"";"";"non identifié";"à vérifier"
"SALVATIS PDRE";"2775";"";"";"";"Poudre / sachet";"";"";"non identifié";"à vérifier"
"SAMBOU ALBERT";"2237935";"";"";"";"";"";"";"non identifié";"à vérifier"
"SANOZOL 400MG COMP.B/3";"1495";"";"";"400mg";"Comprimé";"";"";"non identifié";"à vérifier"
"SARAVAL 160MG HTZ COMP B/30";"9000";"Médicament";"Valsartan + Hydrochlorothiazide";"160mg";"Comprimé";"";"";"identification manuelle (marque)";"à vérifier"
"SARAVAL 80MG HTZ COMP B/30";"5865";"Médicament";"Valsartan + Hydrochlorothiazide";"80mg";"Comprimé";"";"";"identification manuelle (marque)";"à vérifier"
"SCIPRIDE 25MG CPR B/30";"5515";"";"";"25mg";"Comprimé";"";"";"non identifié";"à vérifier"
"SECUVIT CAPS B/30";"3510";"";"";"";"Gélule";"";"";"non identifié";"à vérifier"
"SECUVIT SP FL/200ML";"3830";"";"";"200ml";"Sirop";"";"";"non identifié";"à vérifier"
"SEDASPIR 500MG/20MG/5";"2040";"";"";"500mg/20mg";"";"";"";"non identifié";"à vérifier"
"SEDORRHOIDE CREME T/30G";"2580";"";"";"30g";"Crème / pommade";"";"";"non identifié";"à vérifier"
"SEDORRHOIDE SUPPO B/8";"2580";"";"";"";"Suppositoire";"";"";"non identifié";"à vérifier"
"SEFAM PL 10MG/10MG CP";"8735";"";"";"10mg/10mg";"Comprimé";"";"";"non identifié";"à vérifier"
"SEFAM PL 10MG/5MG CPR";"8415";"";"";"10mg/5mg";"Comprimé";"";"";"non identifié";"à vérifier"
"SEFAM PL 5MG/10MG COMP B/30";"8150";"";"";"5mg/10mg";"Comprimé";"";"";"non identifié";"à vérifier"
"SEFAM PL 5MG/5MG CPR";"7545";"";"";"5mg/5mg";"Comprimé";"";"";"non identifié";"à vérifier"
"SEKALGIC 100/125MG/5M";"1315";"";"";"100/125mg";"";"";"";"non identifié";"à vérifier"
"SEKALGIC 400MG/500MG/";"1315";"";"";"400mg/500mg";"";"";"";"non identifié";"à vérifier"
"SEKISAN SOL BUV F/120";"2940";"";"";"";"";"";"";"non identifié";"à vérifier"
"SERGIFLEX 1G SER INJ B/1";"1390";"";"";"1g";"Injectable";"";"";"non identifié";"à vérifier"
"SOPRIDE 40/75MG GEL B/30";"7625";"";"";"40/75mg";"Gélule";"";"";"non identifié";"à vérifier"
"SOUFRE COUGH PASTILLE MENTHE B/12";"2375";"";"";"";"";"";"";"non identifié";"à vérifier"
"SOUFRE COUGH SIROP F/100ML";"1940";"";"";"100ml";"Sirop";"";"";"non identifié";"à vérifier"
"SUTRAMAX COMP B/30";"6380";"";"";"";"Comprimé";"";"";"non identifié";"à vérifier"
"SUTRAMAX SPRAY FRAISE FL/15G";"4500";"";"";"15g";"Spray";"";"";"non identifié";"à vérifier"
"TAXEFIM 1G/5ML AMP INJ B/1";"4855";"Médicament";"Cefotaxime";"1g/5ml";"Injectable";"";"";"identification manuelle (marque)";"à vérifier"
"TENBETAL 100MG COMP B/20";"5755";"Médicament";"Labetalol";"100mg";"Comprimé";"";"";"identification manuelle (marque)";"à vérifier"
"TENBETAL 50MG/10ML INJ,DETAIL B/1";"1665";"Médicament";"Labetalol";"50mg/10ml";"Injectable";"";"";"identification manuelle (marque)";"à vérifier"
"TENBETAL 50MG/10ML SOL INJECT B/5";"8320";"Médicament";"Labetalol";"50mg/10ml";"Injectable";"";"";"identification manuelle (marque)";"à vérifier"
"TENDOFIRM 200/75/100MG GELULE B/10";"3815";"";"";"200/75/100mg";"Gélule";"";"";"non identifié";"à vérifier"
"THERMO DERM POMMADE DERM T/75G";"6340";"";"";"75g";"Crème / pommade";"";"";"non identifié";"à vérifier"
"TIRVEL 0,5MG/ML SP FL/30ML";"1665";"Médicament";"Desloratadine";"0,5mg";"Sirop";"";"";"identification manuelle (marque)";"à vérifier"
"TIRVEL 5MG COMP B/10";"1665";"Médicament";"Desloratadine";"5mg";"Comprimé";"";"";"identification manuelle (marque)";"à vérifier"
"TOTYLEM 60MG/0,4MG CP PELL B/30 3614250000481";"5630";"";"";"60mg/0,4mg";"Comprimé";"";"";"non identifié";"à vérifier"
"TRIAFEN 325MG/200MG/30MG GELULE B/24";"1735";"Médicament";"Paracetamol + Ibuprofene + Cafeine";"325mg/200mg";"Gélule";"";"";"identification manuelle (marque)";"à vérifier"
"TRIALGAN 100MG/500MG/15MG COMP.B/10";"1360";"";"";"100mg/500mg";"Comprimé";"";"";"non identifié";"à vérifier"
"TRISTEN FORTE 100 PDR SUSP BUV FL/50ML";"4295";"";"";"50ml";"Suspension buvable";"";"";"non identifié";"à vérifier"
"TUSSISEDAL SP FL/125ML";"1805";"";"";"125ml";"Sirop";"";"";"non identifié";"à vérifier"
"TUTINERVE-P 75MG/75MCG GELULE B/30";"8320";"Médicament";"Pregabaline + Methylcobalamine";"75mg/75mcg";"Gélule";"";"";"identification manuelle (marque)";"à vérifier"
"ULESTENE 0,05% SOL BUV GTTES FL/30ML";"2775";"";"";"0,05%";"Gouttes";"";"";"non identifié";"à vérifier"
"ULESTENE 2MG COMP B/20";"2775";"";"";"2mg";"Comprimé";"";"";"non identifié";"à vérifier"
"ULESTENE 4MG/1ML SOL INJ AMP 1ML B/3";"2775";"";"";"4mg/1ml";"Injectable";"";"";"non identifié";"à vérifier"
"UMICEF 1G PDR INJ F/1+SOLV/1";"1595";"";"";"1g";"Injectable";"";"";"non identifié";"à vérifier"
"VALDA PATE SUCER B/60";"1665";"";"";"";"";"";"";"non identifié";"à vérifier"
"VIONIC ALLAITEMENT GEL B/45";"5350";"";"";"";"Gélule";"";"";"non identifié";"à vérifier"
"VISCID GEL SUSP BUV FL/200ML";"2660";"";"";"200ml";"Suspension buvable";"";"";"non identifié";"à vérifier"
"VISCID SUSP BUV SACHET B/20";"4230";"";"";"";"Suspension buvable";"";"";"non identifié";"à vérifier"
"VISCID SUSP BUV SACHET DETAIL/1";"210";"";"";"";"Suspension buvable";"";"";"non identifié";"à vérifier"
"VISCODRIL SP F/100ML";"2080";"";"";"100ml";"Sirop";"";"";"non identifié";"à vérifier"
"VISCOF S SP FL/100ML";"2910";"";"";"100ml";"Sirop";"";"";"non identifié";"à vérifier"
"VISCOF SIROP F/100ML";"2910";"";"";"100ml";"Sirop";"";"";"non identifié";"à vérifier"
"VISIODIS COLL F/10ML";"1000";"";"";"10ml";"Collyre";"";"";"non identifié";"à vérifier"
"VIVIRON PLUS SP F/250ML";"2425";"";"";"250ml";"Sirop";"";"";"non identifié";"à vérifier"
"WARIVIRON 400MG CPR B/35";"17885";"Médicament";"Aciclovir";"400mg";"Comprimé";"";"";"identification manuelle (marque)";"à vérifier"
"WARIVIRON 400MG CPR DETAIL";"2555";"Médicament";"Aciclovir";"400mg";"Comprimé";"";"";"identification manuelle (marque)";"à vérifier"
"X-PLENDED 10MG COMP B/30";"4490";"";"";"10mg";"Comprimé";"";"";"non identifié";"à vérifier"
"X-PLENDED 5MG COMP B/30";"2760";"";"";"5mg";"Comprimé";"";"";"non identifié";"à vérifier"
"XELIPROST 10MG CP B/10";"3880";"";"";"10mg";"Comprimé";"";"";"non identifié";"à vérifier"
"XELIPROST 5MG CP B/10";"2775";"";"";"5mg";"Comprimé";"";"";"non identifié";"à vérifier"
"XYKAA MR 500MG/4MG COMP B/30";"4160";"Médicament";"Paracetamol + Thiocolchicoside";"500mg/4mg";"Comprimé";"";"";"identification manuelle (marque)";"à vérifier"
"Z COT 10 MG COMP.B/30";"8505";"";"";"10mg";"Comprimé";"";"";"non identifié";"à vérifier"
"Z COT 15MG COMP B/30";"11090";"";"";"15mg";"Comprimé";"";"";"non identifié";"à vérifier"
"Z COT 20MG COMP.B/30";"13865";"";"";"20mg";"Comprimé";"";"";"non identifié";"à vérifier"
"Z ZOLE 4G/100ML F/10ML";"1690";"";"";"4g/100ml";"";"";"";"non identifié";"à vérifier"