lari (orthographe modernisée);orthographe du manuel (1924);francais;theme;page du manuel
"mbote";"mboté";"bon, bien (salutation : Mbote)";"Salutations";"12"
"ninga";"ninga";"oui";"Salutations";"12"
"kani";"kani";"non, aucun";"Salutations";"12"
"ntondele";"ntondélé";"merci";"Salutations";"12"
"ntomene tonda";"ntomene tonda";"merci beaucoup";"Salutations";"12"
"sala kia mbote";"sala kia mboté";"au revoir";"Salutations";"12"
"yenda kia mbote";"yenda kia mboté";"bon voyage";"Salutations";"13"
"mono / meno";"méno (mé)";"moi";"Pronoms";"44"
"nge";"ngué";"toi";"Pronoms";"44"
"yandi";"yandi";"lui, elle";"Pronoms";"44"
"beto";"béto";"nous";"Pronoms";"44"
"beno";"béno";"vous";"Pronoms";"44"
"bau";"baou";"eux, elles";"Pronoms";"44"
"-ani";"-ani";"mon, ma, mes (suffixe possessif)";"Pronoms";"59"
"-aku";"-akou";"ton, ta, tes";"Pronoms";"59"
"-andi";"-andi";"son, sa, ses";"Pronoms";"59"
"-eto";"-éto";"notre, nos";"Pronoms";"59"
"-eno";"-éno";"votre, vos";"Pronoms";"59"
"-au";"-aou";"leur, leurs";"Pronoms";"59"
"ni";"ni";"c'est, est";"Grammaire";"44"
"ka … ko";"ka … ko";"ne … pas (négation en deux parties)";"Grammaire";"44"
"na";"na";"avec, et";"Grammaire";"99"
"mpe";"mpé";"et, aussi";"Grammaire";"29"
"nkia ?";"nkia ?";"quel ? quelle ?";"Grammaire";"64"
"nani ?";"nani ?";"qui ?";"Grammaire";"64"
"nki ?";"nki ?";"quoi ? qu'est-ce que ?";"Grammaire";"64"
"mu nki ?";"mou nki ?";"pourquoi ?";"Grammaire";"95"
"bwa ?";"boué ?";"comment ?";"Grammaire";"95"
"nkia ntangu ?";"nkia ntangou ?";"quand ?";"Grammaire";"94"
"kuna ?";"koué ?";"où ?";"Grammaire";"91"
"kimosi";"kimossi";"un";"Nombres";"54"
"zole";"zolé";"deux";"Nombres";"54"
"tatu";"tatou";"trois";"Nombres";"54"
"ya";"ya";"quatre";"Nombres";"54"
"tanu";"tanou";"cinq";"Nombres";"54"
"sambanu";"sambano";"six";"Nombres";"54"
"nsambwadi";"nsamo (sambouadi)";"sept";"Nombres";"54"
"mpomo";"mpomo (nana)";"huit";"Nombres";"54"
"bwa";"voua";"neuf";"Nombres";"54"
"kumi";"koumi";"dix";"Nombres";"54"
"makumi mole";"makou-molé";"vingt";"Nombres";"54"
"nkama";"nkama";"cent";"Nombres";"54"
"funda";"founda";"mille";"Nombres";"54"
"mbongo";"mbongo";"argent, monnaie";"Argent";"37"
"ntalu";"nlalou";"prix";"Argent";"37"
"sumba";"soumba";"acheter";"Argent";"69"
"futa";"fouta";"payer";"Argent";"74"
"ntangu";"ntangou";"soleil, temps, heure";"Temps";"27"
"lumbu";"loumbou";"jour";"Temps";"27"
"bilumbu";"biloumbou";"jours";"Temps";"27"
"lumingu";"loumingou";"semaine";"Temps";"27"
"ngonda";"ngonda";"lune, mois";"Temps";"27"
"meu";"meou";"année (à vérifier)";"Temps";"28"
"mvula";"myoula";"pluie";"Temps";"25"
"mpimpa";"mpimpa";"nuit";"Temps";"27"
"nkokela";"nkokéla";"soir";"Temps";"27"
"mbasi";"mbasi";"demain";"Temps";"94"
"mazono";"mazono";"hier";"Temps";"94"
"bwabu";"bouaoubou";"maintenant";"Temps";"94"
"nzo";"nzo";"maison";"Lieux";"28"
"gata";"gata";"village";"Lieux";"35"
"nsi";"nsi";"pays, terre";"Lieux";"26"
"nzila";"nzila";"chemin, route";"Lieux";"37"
"zandu";"zandou";"marché";"Lieux";"36"
"nzo-nkanda";"nzo-nkanda";"école";"Lieux";"30"
"nzo-Nzambi";"nzo-Nzambi";"église";"Lieux";"31"
"nkanda";"nkanda";"livre, papier, lettre, document";"Écrit";"30"
"nsamu";"nsamou";"parole, histoire, affaire, nouvelle";"Communication";"36"
"mampolo";"mampolo";"nouvelles";"Communication";"36"
"nkumbu";"nkoumbou";"nom";"Communication";"63"
"kutanga";"tanga";"lire";"Communication";"70"
"kusoneka";"tsoneka";"écrire";"Communication";"71"
"kulomba";"lomba";"demander";"Communication";"13"
"kutambika";"tambika";"envoyer";"Communication";"70"
"kutambula";"tamboula";"recevoir";"Communication";"70"
"kuvutula";"voutoula";"rendre, répondre (vutula nsamu = répondre)";"Communication";"71"
"kuzaba";"zaba";"savoir, connaître";"Verbes";"72"
"kumona";"mona";"voir";"Verbes";"72"
"kuzola";"zolo";"vouloir, aimer";"Verbes";"72"
"kutomba";"tomba";"chercher";"Verbes";"70"
"kusala";"sala";"travailler";"Verbes";"71"
"kuwa";"oua";"écouter, entendre";"Verbes";"70"
"kusonga";"songa";"montrer";"Verbes";"70"
"kubonga";"bonga";"prendre";"Verbes";"72"
"kugana";"gana";"donner";"Verbes";"70"
"kwenda";"kouenda";"partir, aller";"Verbes";"71"
"kwiza";"kouiza";"venir";"Verbes";"71"
"kuzibula";"zibola";"ouvrir";"Verbes";"71"
"kukanga";"kanga";"attacher, fermer (à confirmer)";"Verbes";"70"
"kusola";"sola";"choisir";"Verbes";"71"
"kusoba";"soba";"changer";"Verbes";"69"
"kubanda";"bantika";"commencer";"Verbes";"70"
"kumana";"mana";"finir";"Verbes";"71"
"kuvuta";"voutou";"retourner, rendre";"Verbes";"71"
"kusompa";"sompa";"emprunter";"Verbes";"70"
"kudia";"dia";"manger";"Verbes";"70"
"kunwa";"noua";"boire";"Verbes";"72"
"kufwa";"foua";"mourir";"Verbes";"71"
"kuvanda";"ba";"être, vivre";"Verbes";"73"
"mbefo";"mbéfo";"malade";"Santé";"33"
"bela";"béla / mabela";"maladie";"Santé";"32"
"nkessi";"nkessi";"douleur, mal";"Santé";"32"
"mpasi";"passi";"douleur, difficulté";"Santé";"32"
"bilongo";"bilongo";"remèdes, médicaments";"Santé";"33"
"nganga bilongo";"nganga bilongo";"médecin, docteur";"Santé";"33"
"bilongo bia kamu";"bilongo bia kamou";"quinine";"Santé";"33"
"kutoka/kukola";"kola";"tousser";"Santé";"33"
"nitu";"nitou";"corps";"Corps";"17"
"ntu";"niou (lecture OCR incertaine)";"tête";"Corps";"17"
"ntima";"ntima";"cœur";"Corps";"17"
"koko";"koko";"main";"Corps";"18"
"kulu";"koulou";"pied, jambe";"Corps";"18"
"meso";"méso";"yeux (disou = œil)";"Corps";"17"
"nwa";"nnoua";"bouche";"Corps";"17"
"mwana";"mouana";"enfant, fils";"Famille";"20"
"mama";"mama";"mère";"Famille";"20"
"tata";"tata";"père";"Famille";"19"
"nkento";"nkento";"femme";"Famille";"20"
"bakala";"bakala";"homme, mâle";"Famille";"20"
"ndoku";"ndoukou";"ami";"Famille";"19"
"mundele";"moundélé";"Blanc, Européen";"Famille";"19"
"nzambi";"Nzambi";"Dieu";"Religion";"36"
"mbote";"mboté";"bon";"Adjectifs";"49"
"mbi";"mbi";"mauvais";"Adjectifs";"49"
"nene";"nénè";"grand, gros";"Adjectifs";"49"
"fioti";"fioti";"petit";"Adjectifs";"49"
"ngolo";"ngolo";"fort";"Adjectifs";"49"
"mpa";"mpa";"nouveau (kia kiga)";"Adjectifs";"49"
"mpamba";"mpamba";"vide, vain";"Adjectifs";"49"