"francais";"kituba (base)";"lari";"bembe"
"Chargement…";"Ke kota…";"";""
"← Retour";"← Vutuka";"";""
"Retour à l’accueil";"Vutuka na nzo";"";""
"Annuler";"Katula";"";""
"Fermer";"Kanga";"Kanga";""
"✕ Fermer";"✕ Kanga";"";""
"Enregistrer";"Bombaka";"";""
"Supprimer";"Katula";"";""
"Retirer";"Katula";"";""
"Imprimer";"Inprimé";"";""
"Continuer";"Kudiatisa";"";""
"Réessayer";"Meka diaka";"";""
"Chercher";"Sosa";"Tomba";""
"Recherche…";"Ke sosa…";"";""
"Comparer";"Kokanisa";"";""
"Voir plus";"Tala mingi";"";""
"Envoyer";"Tinda";"Tambika";""
"Fait";"Me salama";"";""
"✓ Fait";"✓ Me salama";"";""
"Modifier";"Chenga";"";""
"Accepter";"Ndima";"";""
"Décliner";"Nduma";"";""
"Choisir";"Pona";"";""
"Choisir…";"Pona…";"";""
"Nom";"Nkumbu";"Nkumbu";""
"Prénom";"Nkumbu ya ntete";"";""
"E-mail";"E-mail";"";""
"Date";"Kilumbu";"";""
"Date de naissance";"Kilumbu ya kuvuka";"";""
"Lieu de naissance";"Kisika ya kuvuka";"";""
"Ville";"Mbanza";"Vula";""
"Message";"Message";"";""
"Objet";"Kikuma";"";""
"Type";"Lukwikilu";"";""
"Nom *";"Nkumbu *";"";""
"Prénom *";"Nkumbu ya ntete *";"";""
"Sexe *";"Bakala/nkento *";"";""
"Fille";"Mwana ya nkento";"";""
"Garçon";"Mwana ya bakala";"";""
"Notes";"Ba note";"";""
"Conseiller";"Conseiller";"";""
"Ma sélection";"Ya mono me pona";"";""
"Abonnement";"Abonnement";"";""
"Messagerie";"Ba message";"Ba nsamu";""
"Réseau des professionnels";"Ba professionnel";"";""
"Mon compte";"Compte ya mono";"";""
"Se déconnecter";"Bima";"";""
"⏻ Déconnexion";"⏻ Bima";"";""
"Déconnexion";"Bima";"";""
"ESPACE PROFESSIONNEL";"KISIKA YA BA PROFESSIONNEL";"";""
"Explorer";"Tala";"";""
"Actualités et nouveautés";"Mambu ti ba sika";"Mampolo";""
"Espace sponsor";"Kisika ya sponsor";"";""
"Sponsoring";"Sponsoring";"";""
"Notifications";"Ba notification";"";""
"Lire une ordonnance";"Kutanga ordonnance";"";""
"Vaccination";"Vaccination";"";""
"Que conseiller ?";"Nki ya kupesa konseye?";"";""
"Mon profil professionnel";"Profil ya mono ya kisalu";"";""
"Se connecter";"Kota";"Kota";""
"Créer un compte";"Kuyantika compte";"";""
"Bon retour";"Bavutuka malamu";"";""
"Espace réservé aux professionnels de santé.";"Kisika ya ba professionnel ya santé kaka.";"";""
"E-mail ou numéro WhatsApp";"E-mail to numéro ya WhatsApp";"";""
"Mot de passe";"Mot de passe";"";""
"Demander un accès";"Senga kukota";"";""
"Réservé au personnel de santé. Votre compte est activé après vérification.";"Ya ba mosadi ya santé kaka. Compte ya nge ke sala nima ya vérification.";"";""
"Numéro WhatsApp";"Numéro ya WhatsApp";"";""
"Fonction (profession)";"Kisalu (profession)";"";""
"Chargement des établissements…";"Ke kota ba établissement…";"";""
"N° d’ordre ou de carte professionnelle (facultatif)";"Numéro ya ordre to carte ya kisalu (kana nge zola)";"";""
"Mot de passe (8 caractères minimum)";"Mot de passe (ba lettre 8 mpamba)";"";""
"Envoyer ma demande";"Tinda kusenga na mono";"";""
"PHARMACORP Équivalence · accès sur validation";"PHARMACORP Équivalence · kukota nima ya validation";"";""
"Demande envoyée.";"Kusenga me tindama.";"";""
"Aller à la connexion";"Kwenda na kukota";"";""
"Connexion au serveur impossible. Vérifiez votre réseau.";"Kukota na serveur lenda ve. Tala réseau ya nge.";"";""
"Pas de connexion à Internet.";"Internet kele ve.";"";""
"Session expirée. Reconnectez-vous.";"Session me suka. Kota diaka.";"";""
"Impossible de joindre le serveur.";"Kukota na serveur lenda ve.";"";""
"Vérification de votre accès…";"Ke tala kukota ya nge…";"";""
"Déverrouiller";"Fungula";"";""
"Changer mon mot de passe";"Chenga mot de passe ya mono";"";""
"Mot de passe actuel";"Mot de passe ya sika";"";""
"Nouveau mot de passe (8 caractères minimum)";"Mot de passe ya sika (ba lettre 8 mpamba)";"";""
"Mot de passe modifié.";"Mot de passe me chengama.";"";""
"Mot de passe du compte";"Mot de passe ya compte";"";""
"Code PIN";"Code PIN";"";""
"Votre code PIN";"Code PIN ya nge";"";""
"Nouveau PIN";"PIN ya sika";"";""
"Confirmer";"Ndimisa";"";""
"Enregistrer le PIN";"Bombaka PIN";"";""
"Réinitialiser";"Vutudila na ntete";"";""
"Les deux codes ne correspondent pas.";"Ba code zole ke kokana ve.";"";""
"Aucun produit en base";"Produit mosi ve na base";"";""
"Aucun produit.";"Produit mosi ve.";"";""
"Aucun résultat. Essayez la DCI ou moins de mots.";"Kima mosi ve. Meka DCI to maloba fioti.";"";""
"Aucun produit avec ces filtres.";"Produit mosi ve na ba filtre yai.";"";""
"Le médicament n’est pas en rayon ?";"Nti kele na etagère ve?";"";""
"Trouvez son équivalent.";"Sosa équivalent na yo.";"";""
"spécialités";"ba spécialité";"";""
"substances (DCI)";"ba substance (DCI)";"";""
"groupes avec équivalents";"ba groupe ti ba équivalent";"ba groupe na ba équivalent";""
"vérification des prix";"kutala ntalu";"";""
"Gratuit";"Ya ofele";"";""
"Pour essayer";"Sambu na kumeka";"";""
"Consultés récemment";"Ba me talaka na nsuka";"";""
"Fiche";"Fiche";"";""
"Fiche médicale";"Fiche médicale";"";""
"Voir la fiche médicale";"Tala fiche médicale";"";""
"Voir la liste complète →";"Tala liste mobimba →";"";""
"Chargement de la fiche…";"Ke kota fiche…";"";""
"Chargement de la base…";"Ke kota base…";"";""
"Prix non communiqué";"Ntalu me monana ve";"";""
"Masquer les prix non communiqués";"Bomba ba ntalu ya me monana ve";"";""
"Prix connu seulement";"Ntalu ya me zabana kaka";"";""
"Trier par";"Kabula na";"";""
"Nom (A–Z)";"Nkumbu (A–Z)";"";""
"Pertinence";"Ya mfunu";"";""
"Prix croissant";"Ntalu fioti ntete";"";""
"Prix décroissant";"Ntalu nene ntete";"";""
"Nom";"Nkumbu";"Nkumbu";""
"Laboratoire";"Laboratoire";"";""
"Toutes les formes";"Ba forme yonso";"";""
"Tous les dosages";"Ba dosage yonso";"";""
"Dosage";"Dosage";"";""
"Forme";"Forme";"";""
"Exporter en CSV";"Katula na CSV";"";""
"Exporter la liste (CSV)";"Katula liste (CSV)";"";""
"Ajouter à ma sélection";"Vukisa na ya mono me pona";"";""
"Votre sélection est vide.";"Ya nge me pona kele ve.";"";""
"Vider";"Katula yonso";"";""
"Comparer ces produits";"Kokanisa ba produit yai";"";""
"Rien à comparer pour l’instant.";"Kima ya kukanisa kele ve sika.";"";""
"Chercher un médicament";"Sosa nti";"";""
"Imprimer la fiche";"Inprimé fiche";"";""
"Rupture signalée";"Kubeba me zayisama";"";""
"⛔ Rupture signalée";"⛔ Kubeba me zayisama";"";""
"Alternative";"Lukwikilu nkaka";"";""
"ALTERNATIVES";"BA LUKWIKILU NKAKA";"";""
"À vérifier avant de substituer :";"Tala ntete ya kuchenga:";"";""
"⚠ Ordonnance";"⚠ Ordonnance";"";""
"Ordonnance obligatoire";"Ordonnance fwete";"";""
"strictement sur ordonnance médicale";"kaka na ordonnance ya munganga";"";""
"Si ce produit est indisponible";"Kana produit yai kele ve";"";""
"Aucun équivalent direct dans la base.";"Équivalent ya mbote ve na base.";"";""
"Aller plus loin : alternatives selon l’indication";"Kwenda ntama: ba lukwikilu nkaka na indication";"";""
"Chercher selon l’indication";"Sosa na indication";"";""
"Ouvrir le Conseiller";"Fungula Conseiller";"";""
"🔓 Ouvrir le Conseiller";"🔓 Fungula Conseiller";"";""
"Par pathologie";"Na maladi";"";""
"Par classe thérapeutique";"Na classe thérapeutique";"";""
"Options thérapeutiques";"Ba option thérapeutique";"";""
"Aucune classe disponible.";"Classe mosi ve.";"";""
"Sources et validation";"Ba source ti validation";"Ba source na validation";""
"Aucune source rattachée.";"Source mosi ve.";"";""
"Produits de la base";"Ba produit ya base";"";""
"Données insuffisantes";"Ba données ke ndima ve";"";""
"Imprimer le calendrier";"Inprimé calendrier";"";""
"En retard";"Me luta";"";""
"Prochain";"Ya ke kwisa";"";""
"étape(s) en retard";"etape(s) me luta";"";""
"étape(s) faite(s)";"etape(s) me salama";"";""
"+ Ajouter un enfant";"+ Vukisa mwana";"";""
"Nouvel enfant";"Mwana ya sika";"";""
"Fiche de l’enfant";"Fiche ya mwana";"";""
"Supprimer l’enfant";"Katula mwana";"";""
"Rechercher un enfant…";"Sosa mwana…";"";""
"Aucun enfant enregistré.";"Mwana mosi ve me koma.";"";""
"Aucun enfant ne correspond.";"Mwana mosi ve ke kokana.";"";""
"Sauvegarder (fichier)";"Bomba (fichier)";"";""
"Restaurer une sauvegarde";"Vutudila sauvegarde";"";""
"← Enfants suivis";"← Ba mwana ya ke talama";"";""
"Nouvelle pesée";"Kupesa kilo ya sika";"";""
"Poids (kg) *";"Kilo (kg) *";"";""
"Taille (cm, facultatif)";"Molayi (cm, kana nge zola)";"";""
"Enregistrer la pesée";"Bombaka kilo";"";""
"Historique";"Lisolo ya kala";"";""
"Âge";"Mvula";"";""
"Poids";"Kilo";"";""
"Évaluation";"Évaluation";"";""
"⚠ Alertes";"⚠ Ba alerte";"";""
"✅ Aucune alerte pour le moment.";"✅ Alerte mosi ve sika.";"";""
"📲 Envoyer un rappel WhatsApp";"📲 Tinda kikanisu na WhatsApp";"";""
"Courbe de poids pour l’âge";"Courbe ya kilo na mvula";"";""
"Ordonnance par photo";"Ordonnance na foto";"";""
"📷 Prendre une photo";"📷 Kusala foto";"";""
"Choisir une image";"Pona foto";"";""
"+ Ajouter une ligne";"+ Vukisa ligne";"";""
"Produits retenus";"Ba produit me pona";"";""
"Total estimé";"Total ya kukanisa";"";""
"Enregistrer dans l’historique";"Bomba na lisolo ya kala";"";""
"Imprimer le devis";"Inprimé devis";"";""
"Aucun produit retenu.";"Produit mosi ve me pona.";"";""
"← Historique";"← Lisolo ya kala";"";""
"Enregistrer la référence";"Bomba référence";"";""
"Voir l’abonnement";"Tala abonnement";"";""
"S’abonner";"Kuzwa abonnement";"";""
"Prolonger";"Kuvukisa ntangu";"";""
"Option réservée aux abonnés";"Option ya ba abonné kaka";"";""
"Vérifier un prix";"Tala ntalu";"";""
"Toujours gratuit";"Ya ofele ntangu yonso";"";""
"Aucune offre disponible pour le moment.";"Offre mosi ve na ntangu fioti.";"";""
"Impossible de charger les offres. Vérifiez votre connexion.";"Kukota ba offre lenda ve. Tala connexion ya nge.";"";""
"Choisissez comment payer :";"Pona ndenge ya kufuta:";"";""
"1. Faites le paiement";"1. Futa";"";""
"2. Joignez la capture d’écran du paiement";"2. Vukisa capture d’écran ya kufuta";"";""
"obligatoire";"fwete";"";""
"Identifiant de la transaction (reçu par SMS)";"Identifiant ya transaction (ya SMS)";"";""
"Numéro qui a payé";"Numéro ya me futa";"";""
"Envoyer pour vérification";"Tinda sambu na vérification";"";""
"Paiement envoyé pour vérification.";"Kufuta me tindama sambu na vérification.";"";""
"Paiement non validé.";"Kufuta me ndimama ve.";"";""
"Paiement Mobile Money en cours d’activation.";"Kufuta na Mobile Money ke bongisama.";"";""
"/ jour";"/ kilumbu";"";""
"Créer une campagne";"Kuyantika campagne";"";""
"Mes campagnes";"Ba campagne ya mono";"";""
"Vous n’avez pas encore de campagne.";"Nge kele naino na campagne ve.";"";""
"Charte publicitaire";"Charte ya publicité";"";""
"Enregistrer le brouillon";"Bomba brouillon";"";""
"Sponsorisé";"Sponsorisé";"";""
"SPONSORISÉ";"SPONSORISÉ";"";""
"Publicité";"Publicité";"";""
"Fermer la publicité";"Kanga publicité";"";""
"Activer le son";"Pesa mongongo";"";""
"Source officielle ↗";"Kisika ya officiel ↗";"";""
"Lire";"Tanga";"";""
"Lire l’alerte";"Tanga alerte";"";""
"Nouveau";"Ya sika";"";""
"Terminée";"Me suka";"";""
"Traduction automatique";"Traduction ya machine";"";""
"Texte original (anglais)";"Texte ya ntete (lingelesi)";"";""
"Texte original en anglais";"Texte ya ntete na lingelesi";"";""
"Titre et résumé traduits automatiquement";"Ntu ya kitini ti kikuma me talama na machine";"Ntu ya kitini na kikuma me talama na machine";""
"Conseil éducatif : il ne remplace pas l’avis d’un professionnel de santé.";"Konseye ya kulonguka: ke baka ve kisika ya kikanisa ya professionnel ya santé.";"";""
"Alertes, ruptures et rappels, nouveaux médicaments, science, formations et conseils santé. Les informations officielles renvoient toujours vers leur source.";"Ba alerte, kubeba, ba nti ya sika, science, ba formation ti ba konseye ya santé. Mambu ya officiel ke vutudila nge na kisika na yo.";"Ba alerte, kubeba, ba nti ya sika, science, ba formation na ba konseye ya santé. Mambu ya officiel ke vutudila nge na kisika na yo.";""
"Rien dans cette catégorie pour le moment.";"Kima mosi ve na catégorie yai sika.";"";""
"Aucune actualité pour le moment.";"Mambu mosi ve sika.";"";""
"💡 CONSEIL SANTÉ DU JOUR";"💡 KONSEYE YA SANTÉ YA KILUMBU";"";""
"En savoir plus";"Zaba mingi";"";""
"PHARMACORP · éducatif";"PHARMACORP · kulonguka";"";""
"Voir dans Actualités";"Tala na Mambu";"";""
"Produits concernés";"Ba produit ya ke talana";"";""
"Voir la fiche";"Tala fiche";"";""
"Voir les équivalents";"Tala ba équivalent";"";""
"Cherchez un médicament auprès des pharmacies, et échangez avec vos confrères.";"Sosa nti na ba pharmacie mpi zolula ti ba confrère ya nge.";"Sosa nti na ba pharmacie mpe zolula na ba confrère ya nge.";""
"Quel médicament cherchez-vous ?";"Nti nki nge ke sosa?";"Nkia bilongo nge tomba?";""
"Demander aux pharmacies";"Senga na ba pharmacie";"Lomba na ba pharmacie";""
"✓ Produit de la base PHARMACORP";"✓ Produit ya base ya PHARMACORP";"";""
"Ce nom n’est pas dans la base : précisez la forme et le dosage si vous les connaissez.";"Nkumbu yai kele na base ve: yika forme ti dosage kana nge zaba yo.";"Nkumbu yai kele na base ve: yika forme na dosage kana nge zaba yo.";""
"Précision (facultatif)";"Yika (kana nge zola)";"";""
"Aucun message pour le moment. Dès qu’une pharmacie répond à votre demande, la conversation apparaît ici.";"Message kele naino ve. Pharmacie mosi na kuvutudila kusenga na nge, kuzolula take monana awa.";"";""
"Vous répondez aux demandes de :";"Nge ke vutudila ba kusenga ya:";"";""
"Toutes les villes";"Ba mbanza yonso";"";""
"À répondre";"Ya kuvutudila";"";""
"✅ Disponible";"✅ Kele";"";""
"🔁 Équivalent / autre présentation";"🔁 Équivalent / lukwikilu nkaka";"";""
"❌ Pas disponible";"❌ Kele ve";"";""
"Prix (FCFA)";"Ntalu (FCFA)";"Ntalu (FCFA)";""
"Téléphone (facultatif)";"Telefone (kana nge zola)";"";""
"Envoyer ma réponse";"Tinda mvutu na mono";"";""
"Aucune demande en cours. Elles apparaissent ici dès qu’un confrère cherche un médicament.";"Kusenga kele ve sika. Take monana awa kana confrère me sosa nti.";"";""
"Le service est momentanément suspendu.";"Service me kanga na ntangu fioti.";"";""
"Signaler cette conversation";"Zayisa kuzolula yai";"";""
"Signaler";"Zayisa";"";""
"Ouvrir la conversation →";"Fungula kuzolula →";"";""
"← Messagerie";"← Ba message";"";""
"Clore cette demande";"Kanga kusenga yai";"";""
"Mes envois";"Ya mono me tinda";"";""
"Votre message…";"Message ya nge…";"";""
"📣 Annonce (décès, événement…) ou assistance — écrire à PHARMACORP";"📣 Annonce (lufwa, likambu…) to assistance — koma na PHARMACORP";"";""
"Faire une annonce";"Kusala annonce";"";""
"Demander de l’assistance";"Senga assistance";"";""
"Type d’annonce";"Lukwikilu ya annonce";"";""
"Photos (3 maximum)";"Ba foto (3 mingi)";"";""
"Envoyer à l’équipe";"Tinda na équipe";"";""
"Masquer la bulle";"Bomba bouton";"";""
"Afficher la bulle de messagerie";"Monisa bouton ya message";"";""
"Afficher la messagerie";"Monisa ba message";"";""
"Ex. Doliprane, paracétamol 500, antibiotique…";"Mbandu: Doliprane, paracétamol 500, antibiotique…";"";""
"Tapez les premières lettres…";"Koma ba lettre ya ntete…";"";""
"Rejoignez le réseau";"Kota na réseau";"";""
"Ouvrir le réseau";"Fungula réseau";"";""
"Gérer ma visibilité";"Kubaka mpi kumonana ya mono";"Kubaka mpe kumonana ya mono";""
"Rechercher (nom, établissement, ville)";"Sosa (nkumbu, établissement, mbanza)";"";""
"Fonction";"Kisalu";"";""
"Toutes";"Yonso";"";""
"Établissement";"Établissement";"";""
"Tous";"Yonso";"";""
"En relation";"Na boyokani";"";""
"Demande envoyée";"Kusenga me tindama";"";""
"Répondre à sa demande";"Vutudila kusenga na yandi";"";""
"Demande déclinée";"Kusenga me nduma";"";""
"Demander une mise en relation";"Senga boyokani";"";""
"Aucun professionnel ne correspond.";"Professionnel mosi ve ke kokana.";"";""
"Demandes reçues";"Ba kusenga me zwama";"";""
"Demandes envoyées";"Ba kusenga me tindama";"";""
"Aucune demande reçue.";"Kusenga mosi ve me zwama.";"";""
"Aucune demande en attente.";"Kusenga mosi ve ke yindula.";"";""
"En acceptant, vous partagez votre numéro WhatsApp avec cette personne.";"Kana nge ndima, nge ke kabula numéro ya WhatsApp ti muntu yai.";"Kana nge ndima, nge ke kabula numéro ya WhatsApp na muntu yai.";""
"Vous n’avez pas encore de relation. Envoyez une demande depuis l’annuaire.";"Nge kele naino na boyokani ve. Tinda kusenga na annuaire.";"";""
"Apparaître dans l’annuaire des professionnels de santé";"Monana na annuaire ya ba professionnel ya santé";"";""
"Présentation courte (facultatif, 200 caractères)";"Maloba fioti (kana nge zola, ba lettre 200)";"";""
"Changer la photo";"Chenga foto";"";""
"Ajouter une photo";"Vukisa foto";"";""
"Établissement où vous exercez";"Établissement nge ke salaka";"";""
"Choisir dans la liste…";"Pona na liste…";"";""
"Nouvel établissement";"Établissement ya sika";"";""
"Établissement :";"Établissement:";"";""
"Fonction :";"Kisalu:";"";""
"Profession";"Profession";"";""
"Notifications";"Ba notification";"";""
"Associer ma licence";"Kokanisa licence ya mono";"";""
"Pas encore de licence ?";"Nge kele naino na licence ve?";"";""
"Votre identité a été validée par PHARMACORP.";"PHARMACORP me ndima identité ya nge.";"";""
"Accès suspendu.";"Kukota me kanga.";"";""
"Commencer la vérification";"Yantika vérification";"";""
"Corriger mon dossier";"Bongisa dossier ya mono";"";""
"Envoyer mon dossier";"Tinda dossier ya mono";"";""
"Type de pièce d’identité";"Lukwikilu ya pièce d’identité";"";""
"Numéro de la pièce";"Numéro ya pièce";"";""
"📷 Prendre ma photo avec la caméra";"📷 Sala foto na caméra";"";""
"📸 Prendre la photo";"📸 Sala foto";"";""
"Reprendre";"Meka diaka";"";""
"Utiliser cette photo";"Salela foto yai";"";""
"Prendre votre photo";"Sala foto ya nge";"";""
"Hors ligne";"Na internet ve";"";""
"Mettre à jour les données";"Bongisa ba données";"";""
"Installer sur cet appareil";"Tula na appareil yai";"";""
"Données synchronisées avec votre compte.";"Ba données me kokanisama na compte ya nge.";"";""
"🔒 Fonction réservée aux professionnels de santé";"🔒 Kisalu ya ba professionnel ya santé kaka";"";""
"RGK SARL · Tous droits réservés";"RGK SARL · Bikuma yonso me bombama";"";""
", société de droit congolais.";", société ya nsiku ya Congo.";"";""
"PHARMACORP et l’ensemble de ses applications sont la propriété de";"PHARMACORP ti ba application na yo yonso kele ya";"PHARMACORP na ba application na yo yonso kele ya";""
"J’ai compris";"Mono me zaba";"";""
"⚠ Propositions automatiques, à vérifier par un professionnel de santé.";"⚠ Ba lukwikilu ya machine, professionnel ya santé fwete tala yo.";"";""
"⚠️ ORIENTATION MÉDICALE — signes d’alerte";"⚠️ KUZABISA YA MEDICAL — bilembo ya alerte";"";""
"⚠️ ALERTE SUR UN PRODUIT DE LA BASE";"⚠️ ALERTE NA PRODUIT YA BASE";"";""
"Information de référence, pas une prescription.";"Mambu ya référence, ordonnance ve.";"";""
"Aide à la décision pour professionnels de santé.";"Lusadisu ya kupona sambu na ba professionnel ya santé.";"";""
"Rien à comparer";"Kima ya kukanisa ve";"";""
"Brazzaville";"Brazzaville";"";""
"Pointe-Noire";"Pointe-Noire";"";""
"prix libre · indicatif";"ntalu ya kimpa · ya kumonisa";"";""
"Les prix de ces produits ne sont pas homologués : le prix affiché est une simple référence et varie d’une pharmacie à l’autre.";"Ntalu ya bima yai ke ndimama ve na leta: ntalu ya kumonisa kele kaka mbandu mpi ke chengama na pharmacie mosi ti nkaka.";"Ntalu ya bima yai ke ndimama ve na leta: ntalu ya kumonisa kele kaka mbandu mpe ke chengama na pharmacie mosi na nkaka.";""
"PHARMACORP et RGK SARL ne sauraient être tenues responsables d’un écart de prix constaté en pharmacie : seul le prix affiché en officine fait foi.";"PHARMACORP ti RGK SARL ke zwa ndambu ve kana ntalu me chenga na pharmacie: kaka ntalu ya me sonika na pharmacie kele ya kieleka.";"PHARMACORP na RGK SARL ke zwa ndambu ve kana ntalu me chenga na pharmacie: kaka ntalu ya me sonika na pharmacie kele ya kieleka.";""
"Prix libre : à titre indicatif";"Ntalu ya kimpa: ya kumonisa kaka";"";""
"Prix libre : les produits de parapharmacie, cosmétiques et compléments alimentaires n’ont pas de prix homologué. Le prix affiché n’est qu’une référence : il peut varier d’une pharmacie à l’autre.";"Ntalu ya kimpa: bima ya parapharmacie, cosmétique ti complément alimentaire kele ti ntalu ya leta ve. Ntalu ya kumonisa kele kaka mbandu: ke chengama na pharmacie mosi ti nkaka.";"Ntalu ya kimpa: bima ya parapharmacie, cosmétique na complément alimentaire kele na ntalu ya leta ve. Ntalu ya kumonisa kele kaka mbandu: ke chengama na pharmacie mosi na nkaka.";""
"Catégorie";"Catégorie";"";""