"cle";"francais";"kituba (base)";"lari";"bembe"
"tagline";"Pharmacies de garde";"Pharmacie ya garde";"Ba pharmacie ya garde";""
"searchPlaceholder";"Quelle pharmacie recherchez-vous ?";"Pharmacie nki nge ke sosa?";"";""
"tabHome";"Accueil";"Nzo";"Nzo";""
"tabPharmacies";"Pharmacies";"Pharmacie";"Ba pharmacie";""
"tabPremium";"Premium";"Premium";"";""
"tabSettings";"Paramètres";"Bansikulu";"";""
"onDutyNow";"De garde maintenant";"Ke na garde sika";"";""
"nearYou";"Pharmacies près de vous";"Pharmacie ya pene ti nge";"Pharmacie ya pene na nge";""
"seeAll";"Tout voir";"Tala yonso";"Mona yonso";""
"weekOf";"Semaine du {start} au {end}";"Poso ya {start} tii {end}";"";""
"groupN";"Groupe {n} de garde";"Kikuta ya garde {n}";"";""
"extrapolated";"Rotation calculée au-delà du tableau officiel : appelez avant de vous déplacer.";"Rotation me tanga na luyantiku ya tableau ya officiel: benga ntete nge kwenda.";"";""
"statusGarde";"DE GARDE";"GARDE";"YA GARDE";""
"statusOpen";"OUVERTE";"ME FUNGULA";"";""
"statusClosed";"FERMÉE";"ME KANGA";"";""
"statusUnknown";"HORS GARDE";"GARDE ME KALA";"";""
"night";"Pharmacie de nuit 18h–8h";"Pharmacie ya butu 18h–8h";"";""
"dayOver";"Garde de jour terminée";"Garde ya nsi me kuma";"";""
"nightOver";"Garde de nuit terminée";"Garde ya butu me kuma";"";""
"toConfirm";"À confirmer";"Fwete tula ntu";"";""
"call";"APPELER";"BENGA";"";""
"directions";"ITINÉRAIRE";"NZILA";"NZILA";""
"whatsapp";"WHATSAPP";"WHATSAPP";"";""
"share";"PARTAGER";"KABULA";"";""
"viewPharmacy";"Voir la pharmacie";"Tala pharmacie";"Mona pharmacie";""
"nearMe";"Autour de moi";"Pene ti mono";"Pene na mono";""
"locating";"Localisation…";"Ke sosa kisika nge ke…";"";""
"locationDenied";"Localisation refusée. Vous pouvez chercher par nom, quartier ou arrondissement.";"Kisika nge ke me kanga. Nge lenda kaka sosa ti nkumbu, quartier to arrondissement.";"Kisika nge ke me kanga. Nge lenda kaka sosa na nkumbu, quartier to arrondissement.";""
"locationError";"Position introuvable pour le moment. Réessayez ou cherchez par nom.";"Kisika nge ke me monana ve sika. Meka diaka to sosa ti nkumbu.";"Kisika nge ke me monana ve sika. Meka diaka to sosa na nkumbu.";""
"enableLocation";"Activer la localisation";"Pesa nzila ya kisika nge ke";"";""
"approxDistance";"≈ distance estimée à partir de l’arrondissement";"≈ nzila ya kukanisa uta na arrondissement";"";""
"allAreas";"Tous les arrondissements";"Ba arrondissement yonso";"";""
"filterAll";"Toutes";"Yonso";"";""
"filterGarde";"De garde";"Garde";"";""
"filterNight";"De nuit";"Ya butu";"";""
"noResults";"Aucune pharmacie ne correspond à votre recherche.";"Pharmacie mosi ve ke yenda ti kusosa na nge.";"Pharmacie mosi ve ke yenda na kusosa na nge.";""
"noPhone";"Téléphone à compléter";"Numéro ya telefone fwete tula";"";""
"noAddress";"Adresse à compléter";"Adrese fwete tula";"";""
"offlineBanner";"Hors-ligne · dernières données connues";"Internet kele ve · ba données ya nsuka ya me zaba";"";""
"syncedAt";"Dernière mise à jour : {date}";"Kusikula ya nsuka: {date}";"";""
"embeddedData";"Données intégrées à l’application";"Ba données ya kati ya application";"";""
"syncNow";"Synchroniser";"Synchroniser";"";""
"syncOk";"Données à jour.";"Ba données kele sika.";"";""
"syncNotConfigured";"Synchronisation non configurée : les données intégrées sont utilisées.";"Synchronisation me bongisama ve: ba données ya kati ke salama.";"";""
"syncOffline";"Pas de connexion Internet.";"Internet kele ve.";"";""
"syncError";"Échec de la synchronisation. Réessayez plus tard.";"Synchronisation me kwisa ve. Meka diaka na nima.";"";""
"address";"Adresse";"Adrese";"";""
"area";"Arrondissement";"Arrondissement";"";""
"phone";"Téléphone";"Telefone";"";""
"hours";"Horaires";"Ntangu ya kisalu";"";""
"services";"Services";"Bisalu";"";""
"noInfo";"Information non renseignée";"Zayisa kele ve";"";""
"callBeforeGoing";"Appelez avant de vous déplacer.";"Benga ntete nge kwenda.";"";""
"premiumTitle";"PHARMACORP PREMIUM";"PHARMACORP PREMIUM";"";""
"premiumPrice";"1 500 FCFA / an";"1 500 FCFA / mbula";"";""
"freeNote";"L’accès aux pharmacies de garde reste GRATUIT.";"Kukota na ba pharmacie ya garde kele GRATUIT kaka.";"";""
"benefitQuote";"Chiffrage d’ordonnance";"Kutala ntalu ya ordonnance";"";""
"benefitBook";"Carnet de soins électronique";"Carnet ya kuvanda mbote ya électronique";"";""
"benefitScan";"Scan de tickets de pharmacie";"Kusikana ba ticket ya pharmacie";"";""
"benefitMeasures";"Jusqu’à 2 mesures par mois en pharmacie partenaire";"Tii mesure zole na ngonda na pharmacie partenaire";"";""
"glycemiaExtra";"Glycémie : + 1 000 FCFA, payée séparément.";"Glycémie: + 1 000 FCFA, ke futama na yo mosi.";"";""
"subscribe";"S’abonner";"Banda abonnement";"";""
"plansTitle";"Choisissez votre offre";"Landa offre na nge";"";""
"fromPrice";"À partir de";"Uta na";"";""
"proEntry";"Professionnel de santé ?";"Professionnel ya santé?";"";""
"proEntryHint";"Médecin, infirmier, sage-femme, délégué médical : accès vérifié au conseil thérapeutique.";"Munganga, infirmier, sage-femme, délégué médical: kukota ya me tala na conseil ya thérapeutique.";"";""
"proTitle";"Espace professionnel";"Kisika ya ba professionnel";"";""
"proIntro";"Réservé aux professionnels de santé. Votre statut est vérifié sur document officiel.";"Ya ba professionnel ya santé kaka. Statut na nge ke talama na document ya officiel.";"";""
"proOffline";"Connexion impossible pour le moment. Vérifiez Internet et réessayez.";"Kukota lenda ve sika. Tala internet mpi meka diaka.";"Kukota lenda ve sika. Tala internet mpe meka diaka.";""
"proPending";"Votre dossier est en cours de vérification. PHARMACORP vous appellera pour confirmer votre identité avant de valider votre compte.";"Dossier na nge ke talama. PHARMACORP take benga nge sambu na kutula ntu na nkumbu na nge ntete na kundima compte na nge.";"";""
"proVerified";"Profil vérifié : {name} · {profession}";"Profil me talama: {name} · {profession}";"";""
"proNoAdvice";"Votre profil est vérifié, mais le conseil thérapeutique n’est pas ouvert pour votre profession.";"Profil na nge me talama, kansi conseil ya thérapeutique me fungula ve sambu na kisalu na nge.";"";""
"proRejected";"Votre demande n’a pas été acceptée.";"Kusenga na nge me nduma ve.";"";""
"proRevoked";"Votre accès a été retiré.";"Kukota na nge me katula.";"";""
"proFormTitle";"Demande de vérification";"Kusenga ya kutala";"";""
"proName";"Nom et prénom";"Nkumbu ti nkumbu ya dikanda";"Nkumbu aku";""
"proProfession";"Profession";"Kisalu";"";""
"proOrderNumber";"N° d’ordre / matricule";"N° ya Ordre / matricule";"";""
"proPhone";"Téléphone";"Telefone";"";""
"proEmail";"E-mail (facultatif)";"E-mail (kana nge zola)";"";""
"proDocTitle";"Justificatifs officiels (1 à 3)";"Ba document ya officiel (1 tii 3)";"";""
"proDocHelp";"Photo nette de votre carte professionnelle, de votre récépissé d’inscription à l’Ordre ou de votre diplôme, avec votre nom lisible. Ces documents sont conservés de façon sécurisée dans votre dossier pour la vérification et le suivi.";"Foto ya polele ya carte professionnelle na nge, ya récépissé ya kukomisama na Ordre to ya diplôme na nge, ti nkumbu na nge ya ke monana mbote. Ba document yai ke bombama mbote na dossier na nge sambu na kutala ti kulanda.";"Foto ya polele ya carte professionnelle na nge, ya récépissé ya kukomisama na Ordre to ya diplôme na nge, na nkumbu na nge ya ke monana mbote. Ba document yai ke bombama mbote na dossier na nge sambu na kutala na kulanda.";""
"proDocType";"Type de justificatif à ajouter";"Lukwikilu ya document ya kuvukisa";"";""
"proDocBig";"Image trop lourde. Reprenez la photo ou choisissez une image plus légère.";"Foto kele kilo mingi. Kamata foto diaka to landa foto ya fioti.";"";""
"proConsent";"J’atteste l’exactitude de ces informations. J’accepte que mes justificatifs soient conservés dans mon dossier professionnel sur les serveurs de PHARMACORP pour la vérification et le suivi de mon statut, et que PHARMACORP me contacte par téléphone pour confirmer mon identité.";"Mono ke tuba nde bikuma yai kele ya kyeleka. Mono ke ndima nde ba document na mono ke bombama na dossier na mono ya professionnel na ba serveur ya PHARMACORP sambu na kutala ti kulanda statut na mono, mpi nde PHARMACORP lenda benga mono na telefone sambu na kutula ntu na nkumbu na mono.";"Mono ke tuba nde bikuma yai kele ya kyeleka. Mono ke ndima nde ba document na mono ke bombama na dossier na mono ya professionnel na ba serveur ya PHARMACORP sambu na kutala na kulanda statut na mono, mpe nde PHARMACORP lenda benga mono na telefone sambu na kutula ntu na nkumbu na mono.";""
"proSubmit";"Envoyer ma demande";"Tinda kusenga na mono";"";""
"adviceOpen";"Conseil thérapeutique";"Conseil ya thérapeutique";"";""
"adviceDisclaimer";"Aide à la décision pour professionnels de santé, fondée uniquement sur le guide fourni. Elle ne remplace ni votre jugement clinique, ni les RCP/AMM, ni un examen du patient.";"Lusadisu sambu na kukanga nsiku ya ba professionnel ya santé, ya ke yimbama na guide ya me pesama kaka. Ke baka ve kisika ya kikanisa na nge ya klinike, ba RCP/AMM, to kutala ya mbeli.";"";""
"adviceOnline";"Connexion Internet requise pour cette fonction.";"Internet fwete sambu na kisalu yai.";"";""
"adviceSymptoms";"Décrivez les symptômes";"Longa bilembo ya bokolo";"";""
"advicePlaceholder";"Ex : fièvre depuis 3 jours, toux sèche, maux de gorge…";"Mbandu: fièvre ya bilumbu 3, kukoka ya kukauka, mpota ya ngolo…";"";""
"adviceSearch";"Rechercher dans le guide";"Sosa na kati ya guide";"";""
"advicePage";"Page {n}";"Lukaka {n}";"";""
"adviceSource";"Source : {source}. Vérifiez que cette référence est à jour et adaptée au contexte local.";"Kisika: {source}. Tala kana référence yai kele sika ti kuyenda ti kisika beto ke.";"Kisika: {source}. Tala kana référence yai kele sika na kuyenda na kisika beto ke.";""
"adviceNone";"Aucun passage du guide ne correspond. Reformulez avec d’autres termes (symptômes, signes associés).";"Kimvuka mosi ve ya guide ke yenda. Koma diaka ti maloba ya nkaka (bilembo, bilembo ya ke landa).";"Kimvuka mosi ve ya guide ke yenda. Koma diaka na maloba ya nkaka (bilembo, bilembo ya ke landa).";""
"adviceNoGuide";"Le guide thérapeutique n’est pas encore disponible.";"Guide ya thérapeutique kele naino ve.";"";""
"adviceLimit";"Limite quotidienne de recherches atteinte. Réessayez demain.";"Motango ya kusosa na kilumbu me kuma. Meka diaka mbasi.";"";""
"adviceDenied";"Accès non autorisé. Vérifiez l’état de votre profil professionnel.";"Kukota me nduma ve. Tala statut ya profil na nge ya professionnel.";"";""
"adviceProducts";"Produits du catalogue cités dans ces passages";"Ba produit ya catalogue ya me tubama na ba kimvuka yai";"";""
"adviceProductsNote";"Liste indicative tirée du catalogue PHARMACORP ; vérifiez indications, posologie et contre-indications avant toute prescription.";"Liste ya kumonisa ya me katuka na catalogue ya PHARMACORP; tala indications, posologie ti contre-indications ntete ya kukoma ordonnance.";"Liste ya kumonisa ya me katuka na catalogue ya PHARMACORP; tala indications, posologie na contre-indications ntete ya kukoma ordonnance.";""
"popAdult";"Adulte";"Muntu ya nkulutu";"";""
"popChild";"Enfant";"Mwana";"";""
"popInfant";"Nourrisson";"Mwana ya fioti";"";""
"popPregnant";"Femme enceinte";"Nkento ya zemi";"";""
"popSenior";"Sujet âgé";"Nkulutu";"";""
"account";"Mon compte";"Compte na mono";"";""
"guestNote";"Vous utilisez l’application sans compte : seules les pharmacies de garde sont disponibles.";"Nge ke sadila application ti compte ve: ba pharmacie ya garde kaka kele.";"Nge ke sadila application na compte ve: ba pharmacie ya garde kaka kele.";""
"loginNeeded";"Connectez-vous pour accéder à cet espace.";"Kota na compte sambu na kukota na kisika yai.";"";""
"loginNeededPremium";"Connectez-vous ou créez un compte pour souscrire un abonnement. Les pharmacies de garde restent accessibles sans compte.";"Kota to bongisa compte sambu na kubanda abonnement. Ba pharmacie ya garde kele sambu na bantu yonso ti compte ve.";"Kota to bongisa compte sambu na kubanda abonnement. Ba pharmacie ya garde kele sambu na bantu yonso na compte ve.";""
"rolePatient";"Patient";"Mbeli";"Mbefo";""
"rolePro";"Professionnel de santé";"Professionnel ya santé";"";""
"authLoginTitle";"Connexion";"Kota";"";""
"authRegisterTitle";"Créer mon compte";"Bongisa compte na mono";"";""
"authSubtitle";"Votre Pass Santé, vos rappels et vos abonnements en un seul endroit.";"Pass Santé na nge, bakundi na nge ti ba abonnement na nge na kisika mosi.";"Pass Santé na nge, bakundi na nge na ba abonnement na nge na kisika mosi.";""
"authName";"Nom et prénom";"Nkumbu ti nkumbu ya dikanda";"Nkumbu aku";""
"authEmail";"E-mail";"E-mail";"";""
"authWhatsapp";"Numéro WhatsApp";"Numéro ya WhatsApp";"";""
"authIdentifier";"E-mail ou numéro WhatsApp (avec +indicatif si étranger)";"E-mail to numéro ya WhatsApp (ti +indicatif kana nge kele na luyalu)";"E-mail to numéro ya WhatsApp (na +indicatif kana nge kele na luyalu)";""
"authPhoneLocal";"Numéro local (ex : 06 123 4567)";"Numéro ya beto (mbandu: 06 123 4567)";"";""
"authBirthDate";"Date de naissance (JJ/MM/AAAA)";"Kilumbu ya kuvwa (KK/NN/MMMM)";"";""
"authBirthPlace";"Lieu de naissance";"Kisika ya kuvwa";"";""
"birthNote";"Ces informations servent à vous souhaiter votre anniversaire.";"Bikuma yai ke sadilama sambu na kupesa nge mbote na kilumbu na nge ya kuvwa.";"";""
"birthMissing";"Renseignez votre date et lieu de naissance pour recevoir vos voeux d’anniversaire.";"Koma kilumbu ti kisika ya kuvwa sambu na kubaka mbote ya kilumbu na nge ya kuvwa.";"Koma kilumbu na kisika ya kuvwa sambu na kubaka mbote ya kilumbu na nge ya kuvwa.";""
"birthEdit";"Date et lieu de naissance";"Kilumbu ti kisika ya kuvwa";"Kilumbu na kisika ya kuvwa";""
"birthInvalid";"Date de naissance invalide (JJ/MM/AAAA).";"Kilumbu ya kuvwa kele mbote ve (KK/NN/MMMM).";"";""
"birthdayTitle";"Joyeux anniversaire !";"Mbote na kilumbu na nge ya kuvwa!";"";""
"notifTitle";"Notifications";"Ba notification";"";""
"notifEnabled";"Notifications activées";"Ba notification me fungula";"";""
"notifEnabledHint";"Rappels et messages de l’application.";"Bakundi ti ba message ya application.";"Bakundi na ba message ya application.";""
"notifSound";"Sons et vibrations";"Bamingongo ti kuzenga";"Bamingongo na kuzenga";""
"notifSoundChoose";"Sonnerie";"Lukumu";"";""
"notifSoundHint";"Une courte sonnerie accompagne chaque notification. Désactivez-la pour des notifications silencieuses.";"Lukumu ya fioti ke landa notification yonso. Kanga yo sambu na ba notification ya kimia.";"";""
"notifReminders";"Rappels du Pass Santé";"Bakundi ya Pass Santé";"";""
"notifRemindersHint";"Prises de médicaments, vaccins, fins de traitement, règles, grossesse.";"Kunwa ba nti, ba vaccin, nsuka ya kuvanda mbote, ba kilumbu ya nkento, zemi.";"";""
"notifHealth";"Journées de la santé et anniversaire";"Bilumbu ya santé ti kilumbu ya kuvwa";"Bilumbu ya santé na kilumbu ya kuvwa";""
"notifHealthHint";"Message à l’ouverture de l’application, 2 jours avant et le jour même, et vos voeux d’anniversaire.";"Message na ntangu nge ke fungula application, bilumbu 2 ntete ti na kilumbu yina, mpi mbote ya kilumbu na nge ya kuvwa.";"Message na ntangu nge ke fungula application, bilumbu 2 ntete na na kilumbu yina, mpe mbote ya kilumbu na nge ya kuvwa.";""
"notifTest";"Tester une notification";"Meka notification";"";""
"notifTestBody";"Voici une notification de test PHARMACORP.";"Yai kele notification ya kumeka ya PHARMACORP.";"";""
"notifTestFail";"Impossible d’envoyer la notification : autorisez les notifications dans les réglages du téléphone.";"Notification me tinda ve: pesa nzila na ba notification na ba réglage ya telefone.";"";""
"notifWebNote";"Sur le web, seuls les messages affichés dans l’application sont disponibles. Les notifications sonores nécessitent l’application Android / iPhone.";"Na web, ba message ya kati ya application kaka kele. Ba notification ya mingongo ke sala ti application ya Android / iPhone.";"Na web, ba message ya kati ya application kaka kele. Ba notification ya mingongo ke sala na application ya Android / iPhone.";""
"healthToday";"Aujourd’hui";"Bubu";"";""
"healthTomorrow";"Demain";"Mbasi";"Mbasi";""
"healthInDays";"Dans {n} jours";"Na bilumbu {n}";"";""
"healthNow";"En ce moment";"Sika";"";""
"authPassword";"Mot de passe";"Mot de passe";"";""
"authPasswordNew";"Mot de passe (8 caractères minimum)";"Mot de passe (ba lettre 8 na fioti)";"";""
"authShowPassword";"Afficher le mot de passe";"Monisa mot de passe";"";""
"authLogin";"Se connecter";"Kota";"";""
"authRegister";"Créer mon compte";"Bongisa compte na mono";"";""
"authToRegister";"Pas encore de compte ? Créer un compte";"Nge kele ti compte naino ve? Bongisa compte";"Nge kele na compte naino ve? Bongisa compte";""
"authToLogin";"J’ai déjà un compte";"Mono kele ti compte kala";"Mono kele na compte kala";""
"authForgot";"Mot de passe oublié ?";"Nge me zonza mot de passe?";"";""
"authGuest";"Continuer sans compte — pharmacies de garde (gratuit)";"Kwenda ntwala ti compte ve — ba pharmacie ya garde (gratuit)";"Kwenda ntwala na compte ve — ba pharmacie ya garde (gratuit)";""
"authConsent";"J’accepte les conditions d’utilisation et le traitement de mes données pour la gestion de mon compte. Mes données de santé restent sur mon téléphone.";"Mono ke ndima ba condition ya kusadila ti kusadila ba données na mono sambu na kutala compte na mono. Ba données na mono ya santé ke vandaka na telefone na mono.";"Mono ke ndima ba condition ya kusadila na kusadila ba données na mono sambu na kutala compte na mono. Ba données na mono ya santé ke vandaka na telefone na mono.";""
"authProNote";"Après la création du compte, vous soumettrez vos justificatifs (carte professionnelle, récépissé de l’Ordre…). L’administrateur vous appellera pour confirmer votre identité avant de valider votre accès aux outils professionnels.";"Na nima ya kubongisa compte, nge take tinda ba document na nge (carte professionnelle, récépissé ya Ordre…). Administrateur take benga nge sambu na kutula ntu na nkumbu na nge ntete na kufungula nzila na bisadilu ya ba professionnel.";"";""
"authUnavailable";"Le service de comptes n’est pas disponible pour le moment.";"Service ya ba compte kele ve sika.";"";""
"authLocked";"Trop d’essais. Réessayez dans 15 minutes.";"Kumeka mingi. Meka diaka na miniti 15.";"";""
"forgotMessage";"Bonjour, j’ai oublié mon mot de passe PHARMACORP. Pouvez-vous le réinitialiser ?";"Mbote, mono me zonza mot de passe ya PHARMACORP. Beno lenda bongisa yo diaka?";"";""
"forgotNoSupport";"Contactez PHARMACORP pour réinitialiser votre mot de passe.";"Benga PHARMACORP sambu na kubongisa mot de passe na nge.";"";""
"changePassword";"Changer le mot de passe";"Bongisa mot de passe";"";""
"passwordChanged";"Mot de passe modifié.";"Mot de passe me bongisama.";"";""
"logout";"Se déconnecter";"Bima";"";""
"deleteAccount";"Supprimer mon compte";"Katula compte na mono";"";""
"deleteAccountHelp";"Votre compte sera supprimé définitivement. Les données de santé enregistrées sur ce téléphone ne sont pas envoyées à nos serveurs.";"Compte na nge take katulama ya mvula. Ba données ya santé ya me bombama na telefone yai ke tindama ve na ba serveur na beto.";"";""
"passPitchTitle";"Votre carnet de santé, dans votre poche";"Carnet na nge ya kuvanda mbote, na kinsuki na nge";"";""
"passPitch1";"Suivez poids, tension, glycémie, température et leur évolution";"Landa kilo, tension, glycémie, molunge ti mutindu yo ke chenga";"Landa kilo, tension, glycémie, molunge na mutindu yo ke chenga";""
"passPitch2";"Gérez vos traitements et recevez des rappels de prise et de renouvellement";"Tala ba kuvanda mbote na nge mpi baka bakundi ya kunwa ti ya kubongisa diaka";"Tala ba kuvanda mbote na nge mpe baka bakundi ya kunwa na ya kubongisa diaka";""
"passPitch3";"Gardez votre carnet de vaccination, vos allergies et vos antécédents";"Bomba carnet ya ba vaccin, ba allergie ti makambu ya ntete";"Bomba carnet ya ba vaccin, ba allergie na makambu ya ntete";""
"passPitch4";"Retrouvez les résultats de vos tests faits en pharmacie";"Baka ba résultat ya ba test ya me salama na pharmacie";"";""
"passPitch5";"Alertes de santé, historique complet, cycle, grossesse et famille selon l’offre";"Ba alerte ya santé, lusansu mvimba, cycle, zemi ti dikanda kulutila offre";"Ba alerte ya santé, lusansu mvimba, cycle, zemi na dikanda kulutila offre";""
"passEmpty";"Ajoutez vos premières mesures (poids, tension, glycémie…) pour voir votre tableau de santé.";"Vukisa ba mesure na nge ya ntete (kilo, tension, glycémie…) sambu na kumona tableau na nge ya santé.";"";""
"passPrivacy";"Vos données de santé sont enregistrées sur ce téléphone, liées à votre compte, et ne sont pas envoyées à nos serveurs. Les repères affichés sont indicatifs et ne remplacent pas l’avis d’un professionnel de santé.";"Ba données na nge ya santé ke bombama na telefone yai, me kangama ti compte na nge, mpi ke tindama ve na ba serveur na beto. Ba repère ya ke monisama kele ya kumonisa kaka mpi ke baka ve kisika ya kikanisa ya professionnel ya santé.";"Ba données na nge ya santé ke bombama na telefone yai, me kangama na compte na nge, mpe ke tindama ve na ba serveur na beto. Ba repère ya ke monisama kele ya kumonisa kaka mpe ke baka ve kisika ya kikanisa ya professionnel ya santé.";""
"includedInYours";"Inclus dans votre abonnement";"Kele na kati ya abonnement na nge";"";""
"payHow";"Composez le code ci-dessous (ou ouvrez {name}), choisissez « Paiement marchand » / « Payer », saisissez le code marchand, le montant {amount} et indiquez la référence {ref}.";"Benga code ya kele na nsi (to fungula {name}), landa « Paiement marchand » / « Payer », koma code ya marchand, mbongo {amount} mpi référence {ref}.";"Benga code ya kele na nsi (to fungula {name}), landa « Paiement marchand » / « Payer », koma code ya marchand, mbongo {amount} mpe référence {ref}.";""
"payNow";"Payer {amount} avec {name}";"Futa {amount} ti {name}";"Futa {amount} na {name}";""
"payNoMethods";"Le paiement Mobile Money est en cours d’activation. Contactez PHARMACORP pour obtenir votre abonnement.";"Paiement ya Mobile Money ke bongisama. Benga PHARMACORP sambu na kubaka abonnement na nge.";"";""
"payMerchant";"Numéro / code marchand";"Numéro / code ya marchand";"";""
"payDialCode";"Composer {code}";"Benga {code}";"";""
"paySnapTitle";"2. Joignez la capture d’écran du paiement";"2. Vukisa capture ya écran ya paiement";"";""
"paySnapHelp";"Après avoir payé, faites une capture de l’écran de confirmation (ou du SMS) puis importez-la ici. Elle est obligatoire : elle permet à PHARMACORP de vérifier votre paiement.";"Na nima ya kufuta, kamata capture ya écran ya confirmation (to ya SMS) mpi tula yo awa. Fwete: ke sadisa PHARMACORP kutala paiement na nge.";"Na nima ya kufuta, kamata capture ya écran ya confirmation (to ya SMS) mpe tula yo awa. Fwete: ke sadisa PHARMACORP kutala paiement na nge.";""
"paySnapRequired";"La capture du paiement est obligatoire pour envoyer.";"Capture ya paiement fwete sambu na kutinda.";"";""
"payStep3";"3. Votre numéro Mobile Money";"3. Numéro na nge ya Mobile Money";"";""
"authReferral";"Code de parrainage (facultatif)";"Code ya parrainage (kana nge zola)";"";""
"refYourCode";"Votre code de parrainage";"Code na nge ya parrainage";"";""
"refOffline";"Connectez-vous à Internet pour voir votre parrainage.";"Kota na internet sambu na kumona ba parrainage na nge.";"";""
"refNoAccount";"Créez un compte pour obtenir votre code de parrainage.";"Bongisa compte sambu na kubaka code na nge ya parrainage.";"";""
"refReward";"Objectif atteint : {amount} FCFA ({pct} % de votre forfait) vous seront remboursés par PHARMACORP.";"Nsuka me kuma: {amount} FCFA ({pct} % ya forfait na nge) take vutuka na nge na PHARMACORP.";"";""
"refRewardPaid";"Remise de {amount} FCFA remboursée.";"Remise ya {amount} FCFA me vutuka.";"";""
"refRewardNoPlan";"Objectif atteint ! Souscrivez un forfait : la remise sera calculée sur son tarif.";"Nsuka me kuma! Banda forfait: remise take talama na ntalu na yo.";"";""
"refReferredBy";"Vous avez été parrainé avec le code {code}.";"Bantu me kwisa ti nge na code {code}.";"Bantu me kwisa na nge na code {code}.";""
"refGoalDyn";"Faites souscrire {target} proches : {pct} % de remboursement sur votre abonnement.";"Kwisa ti bandeko {target} ya ke banda abonnement: {pct} % ya kuvutula na abonnement na nge.";"Kwisa na bandeko {target} ya ke banda abonnement: {pct} % ya kuvutula na abonnement na nge.";""
"sheetTitle";"Fiches médicament (par substance)";"Ba fiche ya nti (na substance)";"";""
"sheetPlaceholder";"Nom de la substance (ex. paracétamol)";"Nkumbu ya substance (mbandu: paracétamol)";"";""
"sheetForms";"Formes";"Ba lukwikilu";"";""
"sheetRoutes";"Voies";"Ba nzila";"";""
"sheetDoses";"Dosages existants";"Ba dosage ya kele";"";""
"sheetRules";"Délivrance";"Kupesa";"";""
"sheetSource";"Source : {source} (mise à jour {date}).";"Kisika: {source} (me sikulama {date}).";"";""
"sheetNone";"Les fiches médicament ne sont pas encore disponibles.";"Ba fiche ya nti kele naino ve.";"";""
"freeServices";"Gratuit";"Gratuit";"";""
"paidServices";"Services payants";"Bisalu ya kufuta";"";""
"free";"GRATUIT";"GRATUIT";"";""
"svcChiffrage";"Chiffrage d’ordonnance";"Kutala ntalu ya ordonnance";"";""
"svcCarnet";"Carnet de soins";"Carnet ya kuvanda mbote";"";""
"needChiffrage";"Ce service nécessite l’offre « Chiffrage d’ordonnance ».";"Kisalu yai ke sosa offre « Kutala ntalu ya ordonnance ».";"";""
"needCarnet";"Ce service nécessite l’offre « Carnet de soins ».";"Kisalu yai ke sosa offre « Carnet ya kuvanda mbote ».";"";""
"durDay";"1 jour";"Kilumbu 1";"";""
"durDays";"{n} jours";"Bilumbu {n}";"";""
"durMonth";"1 mois (30 jours)";"Ngonda 1 (bilumbu 30)";"";""
"durMonths3";"3 mois (90 jours)";"Ngonda 3 (bilumbu 90)";"";""
"durYear";"1 an (365 jours)";"Mbula 1 (bilumbu 365)";"";""
"payWith";"Payer avec {name}";"Futa ti {name}";"Futa na {name}";""
"payRef";"Référence";"Référence";"";""
"payStep1";"1. Payez {amount} avec {name}";"1. Futa {amount} ti {name}";"1. Futa {amount} na {name}";""
"payDial";"Ouvrir le paiement (code USSD)";"Fungula paiement (code USSD)";"";""
"payThen";"2. Après le paiement, indiquez votre numéro et l’ID de transaction reçu par SMS :";"2. Na nima ya kufuta, koma numéro na nge ti ID ya transaction nge me baka na SMS:";"2. Na nima ya kufuta, koma numéro na nge na ID ya transaction nge me baka na SMS:";""
"payPhone";"Votre numéro Mobile Money";"Numéro na nge ya Mobile Money";"";""
"payTx";"ID de transaction (SMS)";"ID ya transaction (SMS)";"";""
"paySend";"Envoyer pour vérification";"Tinda sambu na kutala";"";""
"payNeedInfo";"Envoi impossible. Vérifiez votre connexion et indiquez votre numéro ou l’ID.";"Kutinda lenda ve. Tala internet mpi koma numéro na nge to ID.";"Kutinda lenda ve. Tala internet mpe koma numéro na nge to ID.";""
"payWaiting";"Paiement envoyé pour vérification. PHARMACORP rapproche votre paiement avec son relevé puis active votre abonnement : il s’active ici automatiquement (quelques minutes à quelques heures).";"Paiement me tinda sambu na kutala. PHARMACORP ke tala paiement na nge ti relevé na yandi, na nima take sala abonnement na nge: take salama awa yo mosi (miniti mingi tii ba ngunga).";"Paiement me tinda sambu na kutala. PHARMACORP ke tala paiement na nge na relevé na yandi, na nima take sala abonnement na nge: take salama awa yo mosi (miniti mingi tii ba ngunga).";""
"payCheck";"Vérifier maintenant";"Tala sika";"";""
"payCancel";"Annuler cette demande";"Katula kusenga yai";"";""
"payRejected";"Paiement non validé. Contactez PHARMACORP avec votre référence.";"Paiement me ndima ve. Benga PHARMACORP ti référence na nge.";"Paiement me ndima ve. Benga PHARMACORP na référence na nge.";""
"payTooMany";"Trop de demandes en attente. Terminez ou annulez la précédente.";"Ba kusenga mingi ke yindula. Sukisa to katula ya ntete.";"";""
"haveCode";"J’ai un code d’activation";"Mono kele ti code ya activation";"Mono kele na code ya activation";""
"activate";"Activer mon abonnement";"Sala abonnement na mono";"";""
"requestCode";"Demander mon code sur WhatsApp";"Senga code na mono na WhatsApp";"";""
"requestCodeMsg";"Bonjour, je souhaite l’abonnement PHARMACORP Premium {plan} ({price}).";"Mbote, mono zola abonnement ya PHARMACORP Premium {plan} ({price}).";"";""
"codeInvalid";"Code invalide. Vérifiez-le et réessayez.";"Code kele mbote ve. Tala yo mpi meka diaka.";"Code kele mbote ve. Tala yo mpe meka diaka.";""
"codeOtherDevice";"Ce code est déjà utilisé sur un autre téléphone.";"Code yai me sadilama kala na telefone nkaka.";"";""
"codeRevoked";"Ce code a été désactivé. Contactez PHARMACORP.";"Code yai me kanga. Benga PHARMACORP.";"";""
"codeNetwork";"Connexion impossible. Vérifiez Internet et réessayez.";"Kukota lenda ve. Tala internet mpi meka diaka.";"Kukota lenda ve. Tala internet mpe meka diaka.";""
"premiumActive";"Abonnement actif";"Abonnement ke sala";"";""
"premiumUntil";"Valable jusqu’au {date}";"Kele mbote tii {date}";"";""
"paymentUnavailable";"Le paiement en ligne n’est pas encore disponible. Réessayez bientôt.";"Paiement na internet kele naino ve. Meka diaka na nima.";"";""
"paymentError";"Le paiement n’a pas abouti. Aucun montant n’a été débité.";"Paiement me kwisa ve. Mbongo mosi ve me katula.";"";""
"premiumOnly";"Réservé aux abonnés Premium.";"Ya ba abonné ya Premium kaka.";"";""
"discoverPremium";"Découvrir Premium";"Zaba Premium";"";""
"devActivate";"Activer (test développeur)";"Sala (kumeka ya développeur)";"";""
"referralTitle";"MON PARRAINAGE";"BA PARRAINAGE NA MONO";"";""
"referralGoal";"Faites souscrire 3 proches : 50 % de réduction sur votre abonnement (750 FCFA d’économie).";"Kwisa ti bandeko 3 ya ke banda abonnement: remise ya 50 % na abonnement na nge (FCFA 750 ya kubumba).";"Kwisa na bandeko 3 ya ke banda abonnement: remise ya 50 % na abonnement na nge (FCFA 750 ya kubumba).";""
"invite";"INVITER UN PROCHE";"BENGA NDEKO";"";""
"myCode";"Mon code";"Code na mono";"";""
"referees";"Filleuls";"Ba filleul";"";""
"refereesSubscribed";"Filleuls abonnés";"Ba filleul ti abonnement";"Ba filleul na abonnement";""
"referralProgress";"{n} / {total} filleuls abonnés";"{n} / {total} ba filleul ti abonnement";"{n} / {total} ba filleul na abonnement";""
"savings";"Économie obtenue : {amount} FCFA";"Kubumba ya me baka: {amount} FCFA";"";""
"inviteMessage";"Rejoins PHARMACORP, l’application des pharmacies de garde. Mon code : {code}";"Kota na PHARMACORP, application ya ba pharmacie ya garde. Code na mono: {code}";"";""
"bookTitle";"Carnet de soins";"Carnet ya kuvanda mbote";"";""
"bookEmpty";"Votre carnet est vide. Ajoutez un traitement, une mesure ou un document.";"Carnet na nge kele mpamba. Vukisa kuvanda mbote, mesure to document.";"";""
"addEntry";"Ajouter";"Vukisa";"";""
"typeTreatment";"Traitement";"Kuvanda mbote";"";""
"typePrescription";"Ordonnance";"Ordonnance";"";""
"typeMeasure";"Mesure";"Mesure";"";""
"typeTicket";"Ticket";"Ticket";"";""
"typeDocument";"Document";"Document";"";""
"entryTitle";"Titre";"Ntu ya kitini";"";""
"entryNote";"Note (facultatif)";"Note (kana nge zola)";"";""
"scanTicket";"Scanner un ticket";"Sikana ticket";"";""
"scanPrescription";"Chiffrer une ordonnance";"Tala ntalu ya ordonnance";"";""
"takePhoto";"Prendre une photo";"Kamata foto";"";""
"importPhoto";"Importer une image";"Baka foto";"";""
"ocrSoon";"La lecture automatique (OCR) du ticket sera ajoutée prochainement. Le document est conservé dans votre carnet.";"Kutanga ya automatique (OCR) ya ticket take vukisama nswalu. Document me bombama na carnet na nge.";"";""
"analysisSoon";"L’analyse des médicaments et l’estimation du coût arrivent avec PHARMACORP ERP. Votre ordonnance est conservée dans votre carnet.";"Kutala ya ba nti ti kukanisa ntalu ke kwisa ti PHARMACORP ERP. Ordonnance na nge me bombama na carnet na nge.";"Kutala ya ba nti na kukanisa ntalu ke kwisa na PHARMACORP ERP. Ordonnance na nge me bombama na carnet na nge.";""
"cameraDenied";"Accès à la caméra refusé. Autorisez-le dans les réglages du téléphone.";"Kukota na caméra me kanga. Pesa nzila na ba réglage ya telefone.";"";""
"photoError";"Impossible d’enregistrer l’image. Réessayez.";"Foto me bombama ve. Meka diaka.";"";""
"saved";"Enregistré dans votre carnet.";"Me bombama na carnet na nge.";"";""
"partnersTitle";"Pharmacies partenaires";"Ba pharmacie partenaire";"";""
"partnersEmpty";"Les pharmacies partenaires pour les mesures seront annoncées prochainement (Brazzaville et Pointe-Noire).";"Ba pharmacie partenaire sambu na ba mesure take zayisama nswalu (Brazzaville ti Pointe-Noire).";"Ba pharmacie partenaire sambu na ba mesure take zayisama nswalu (Brazzaville na Pointe-Noire).";""
"measuresAllowance";"{n} mesures par mois incluses";"Ba mesure {n} na ngonda kele na kati";"";""
"quoteTitle";"Chiffrage d’ordonnance";"Kutala ntalu ya ordonnance";"";""
"quoteSearch";"Rechercher un médicament";"Sosa nti";"";""
"quoteAddManual";"Ajouter « {name} » (prix à confirmer)";"Vukisa « {name} » (ntalu fwete tula ntu)";"";""
"quoteTotal";"Estimation";"Kukanisa";"";""
"quoteIndicative";"Estimation indicative : le prix final est celui de la pharmacie.";"Kukanisa ya kumonisa: ntalu ya nsuka kele ya pharmacie.";"";""
"quoteSample";"TEST : catalogue d’exemple, prix illustratifs non réels. Le Super Admin importe le vrai catalogue.";"KUMEKA: catalogue ya mbandu, ba ntalu kele ya kyeleka ve. Super Admin take tula catalogue ya kyeleka.";"";""
"quoteNoCatalog";"Aucun catalogue de prix. Vous pouvez saisir les médicaments à la main ; les prix seront à confirmer.";"Catalogue ya ba ntalu kele ve. Nge lenda koma ba nti na maboko; ba ntalu fwete tula ntu.";"";""
"quoteLines";"Médicaments de l’ordonnance";"Ba nti ya ordonnance";"";""
"quoteEmpty";"Recherchez un médicament de l’ordonnance pour l’ajouter.";"Sosa nti ya ordonnance sambu na kuvukisa yo.";"";""
"priceToConfirm";"prix à confirmer";"ntalu fwete tula ntu";"";""
"quoteUnknown";"{n} ligne(s) sans prix : total partiel.";"Ba ligne {n} ti ntalu ve: total kele kitini kaka.";"Ba ligne {n} na ntalu ve: total kele kitini kaka.";""
"quoteSave";"Enregistrer le chiffrage";"Bomba kutala ntalu";"";""
"quoteFindPharmacy";"Trouver une pharmacie de garde";"Sosa pharmacie ya garde";"";""
"quoteOpen";"Chiffrer";"Tala ntalu";"";""
"qty";"Quantité";"Motango";"";""
"adminCatalog";"Catalogue des médicaments";"Catalogue ya ba nti";"";""
"adminCatalogHint";"Collez un export CSV (nom;prix;dci) ou JSON. Le catalogue importé remplace le précédent.";"Tula export ya CSV (nkumbu;ntalu;dci) to JSON. Catalogue ya me tulama ke katula ya ntete.";"";""
"adminCatalogImport";"Importer le catalogue";"Tula catalogue";"";""
"adminCatalogCount";"{n} médicament(s) en base";"Ba nti {n} na base";"";""
"adminCatalogClear";"Vider le catalogue";"Tula mpamba catalogue";"";""
"adminCatalogDone";"{n} médicament(s) importé(s), {skipped} ligne(s) ignorée(s).";"Ba nti {n} me tulama, ba ligne {skipped} me katula.";"";""
"adminCatalogError";"Format non reconnu. Attendu : nom;prix[;dci] ou un tableau JSON.";"Format me zabana ve. Ya kutula: nkumbu;ntalu[;dci] to tableau ya JSON.";"";""
"settingsTitle";"Paramètres";"Bansikulu";"";""
"theme";"Thème";"Mutindu ya kumonana";"";""
"themeSystem";"Automatique";"Automatique";"";""
"themeLight";"Clair";"Polele";"";""
"themeDark";"Sombre";"Nsiku";"";""
"language";"Langue";"Lutuku";"";""
"city";"Ville";"Mbanza";"";""
"about";"À propos";"Bikuma na yo";"";""
"adminTitle";"Super Admin";"Super Admin";"";""
"adminHint";"Gestion locale des pharmacies. Les changements seront synchronisés avec l’API.";"Kutala ya ba pharmacie na kisika. Ba chenga take synchroniser ti API.";"Kutala ya ba pharmacie na kisika. Ba chenga take synchroniser na API.";""
"adminActive";"Visible dans l’application";"Ke monana na application";"";""
"adminPartner";"Pharmacie partenaire";"Pharmacie partenaire";"";""
"adminWhatsapp";"Numéro WhatsApp professionnel";"Numéro ya WhatsApp ya kisalu";"";""
"adminReset";"Réinitialiser les modifications";"Vutula ba chenga";"";""
"loading";"Chargement…";"Ke tula…";"";""
"retry";"Réessayer";"Meka diaka";"";""
"cancel";"Annuler";"Katula";"";""
"delete";"Supprimer";"Katula";"";""
"save";"Enregistrer";"Bomba";"";""
"close";"Fermer";"Kanga";"";""
"errorGeneric";"Une erreur est survenue. Réessayez.";"Mpasi me kwisa. Meka diaka.";"";""
"notFound";"Pharmacie introuvable.";"Pharmacie me monana ve.";"";""
"back";"Retour";"Vutuka";"";""
"tabNews";"Actualités";"Mambu";"Mampolo";""
"tabPrices";"Prix des médicaments";"Ntalu ya ba nti";"Ntalu ya bilongo";""
"tabPricesShort";"Prix";"Ntalu";"Ntalu";""
"tabMessages";"Messagerie";"Ba message";"Ba nsamu";""
"tabMessagesShort";"Messages";"Message";"Nsamu";""
"tabGuide";"Guide";"Guide";"";""
"tabEquivalence";"Équivalence";"Équivalence";"";""
"tabPass";"Pass Santé";"Pass Santé";"";""
"tabPassShort";"Pass";"Pass";"";""
"tabSettingsShort";"Réglages";"Bansikulu";"";""
"tabMore";"Plus";"Mingi";"";""
"logoutShort";"Quitter";"Bima";"";""
"loginShort";"Connexion";"Kota";"";""
"proSpaceBadge";"ESPACE PROFESSIONNEL";"KISIKA YA BA PROFESSIONNEL";"";""
"understood";"Compris";"Mono me zaba";"";""
"homeBack";"← Accueil";"← Nzo";"";""
"homeBackApp";"← Retour à l’accueil de l’application";"← Vutuka na nzo ya application";"";""
"tilePrices";"Prix des médicaments";"Ntalu ya ba nti";"Ntalu ya bilongo";""
"homeTitleWide";"Pharmacies de garde";"Pharmacie ya garde";"";""
"featLockTitle";"Réservée aux abonnés";"Ya ba abonné kaka";"";""
"featLockMsg";"Cette option fait partie de certaines offres. Consultez l’onglet Premium.";"Option yai kele na kati ya ba offre nkaka. Tala onglet Premium.";"";""
"featProfTitle";"Réservé à certaines professions";"Ya bisalu nkaka kaka";"";""
"featProfMsg";"Le guide thérapeutique est réservé aux professions autorisées.";"Guide ya thérapeutique kele ya bisalu ya me ndima kaka.";"";""
"featDefaultMsg";"Cette fonctionnalité est momentanément indisponible. Le reste de l’application reste accessible.";"Kisalu yai kele ve na ntangu fioti. Kitini ya nkaka ya application ke sala.";"";""
"reasonDev";"En cours de développement";"Ke salama";"";""
"reasonMaint";"Momentanément indisponible";"Kele ve na ntangu fioti";"";""
"reasonSoon";"Bientôt disponible";"Take kwisa nswalu";"";""
"reasonUpg";"Réservée aux abonnés";"Ya ba abonné kaka";"";""
"reasonPro";"Réservée au personnel de santé";"Ya ba professionnel ya santé kaka";"";""
"reasonOther";"Fonctionnalité indisponible";"Kisalu kele ve";"";""
"legalLine";"PHARMACORP et l’ensemble de ses applications sont la propriété de RGK SARL, société de droit congolais.";"PHARMACORP ti ba application na yo yonso kele ya RGK SARL, société ya nsiku ya Congo.";"PHARMACORP na ba application na yo yonso kele ya RGK SARL, société ya nsiku ya Congo.";""
"legalRights";"© {year} RGK SARL · Tous droits réservés";"© {year} RGK SARL · Bikuma yonso me bombama";"";""
"legalSide";"PHARMACORP est la propriété de RGK SARL, société de droit congolais. © {year}";"PHARMACORP kele ya RGK SARL, société ya nsiku ya Congo. © {year}";"";""
"msgTitle";"Messagerie";"Ba message";"Ba nsamu";""
"msgSubtitle";"Demandez un médicament : les pharmacies répondent ici";"Senga nti: ba pharmacie take vutudila awa";"";""
"msgLoginNeeded";"Connectez-vous pour demander un médicament aux pharmacies et échanger avec elles.";"Kota sambu na kusenga nti na ba pharmacie mpi kuzolula ti bo.";"Kota sambu na kusenga nti na ba pharmacie mpe kuzolula na bo.";""
"msgSegAsk";"Je cherche";"Mono ke sosa";"";""
"msgSegMessages";"Messages";"Ba message";"";""
"msgSegAnswer";"À répondre";"Ya kuvutudila";"";""
"msgSuspended";"Le service est momentanément suspendu.";"Service me kanga na ntangu fioti.";"";""
"msgWhichDrug";"Quel médicament cherchez-vous ?";"Nti nki nge ke sosa?";"Nkia bilongo nge tomba?";""
"msgTypeLetters";"Tapez les premières lettres…";"Koma ba lettre ya ntete…";"";""
"msgFromBase";"✓ Produit de la base PHARMACORP";"✓ Produit ya base ya PHARMACORP";"";""
"msgNotInBase";"Ce nom n’est pas dans notre base : précisez-le, ainsi que la forme et le dosage si vous les connaissez.";"Nkumbu yai kele na base na beto ve: yika yo, ti lukwikilu ti dosage kana nge zaba yo.";"Nkumbu yai kele na base na beto ve: yika yo, na lukwikilu na dosage kana nge zaba yo.";""
"msgDosage";"Dosage (ex. 500 mg, 125 mg/5 ml)";"Dosage (mbandu: 500 mg, 125 mg/5 ml)";"";""
"msgNote";"Précision (facultatif) : enfant, ordonnance…";"Yika (kana nge zola): mwana, ordonnance…";"";""
"msgCity";"Ville";"Mbanza";"";""
"msgAskBtn";"Demander aux pharmacies";"Senga na ba pharmacie";"Lomba na ba pharmacie";""
"msgAskInfo";"La demande est envoyée aux pharmaciens, préparateurs, vendeurs et auxiliaires en pharmacie vérifiés de la ville choisie. Ceux qui ont le produit répondent dans la messagerie. Votre numéro n’est pas partagé. Appelez la pharmacie avant de vous déplacer.";"Kusenga ke tindama na ba pharmacien, ba préparateur, ba vendeur ti ba auxiliaire ya pharmacie ya me talama ya mbanza ya nge me landa. Bantu ya ke na produit ke vutudila na ba message. Numéro na nge ke kabulama ve. Benga pharmacie ntete nge kwenda.";"Kusenga ke tindama na ba pharmacien, ba préparateur, ba vendeur na ba auxiliaire ya pharmacie ya me talama ya mbanza ya nge me landa. Bantu ya ke na produit ke vutudila na ba message. Numéro na nge ke kabulama ve. Benga pharmacie ntete nge kwenda.";""
"msgSent";"Demande envoyée aux pharmacies de la ville. Leurs réponses arrivent dans « Messages ».";"Kusenga me tinda na ba pharmacie ya mbanza. Mvutu na bo take kwisa na « Ba message ».";"";""
"msgNoConn";"Pas de connexion. Réessayez.";"Internet kele ve. Meka diaka.";"";""
"msgInProgress";"En cours · {n} réponse(s)";"Ke kwenda · mvutu {n}";"";""
"msgCloseReq";"Clore cette demande";"Kanga kusenga yai";"";""
"msgNoMessages";"Aucun message pour le moment. Dès qu’une pharmacie répond à votre demande, la conversation apparaît ici.";"Message kele naino ve. Pharmacie mosi na kuvutudila kusenga na nge, kuzolula take monana awa.";"";""
"msgAnswerScope";"Vous répondez aux demandes de :";"Nge ke vutudila ba kusenga ya:";"";""
"msgAllCities";"Toutes les villes";"Ba mbanza yonso";"";""
"msgNoRequests";"Aucune demande en cours. Elles apparaissent ici dès qu’un patient cherche un médicament.";"Kusenga kele ve sika. Take monana awa kana muntu me sosa nti.";"";""
"msgToAnswer";"À répondre";"Ya kuvutudila";"";""
"msgAvailable";"Disponible";"Kele";"";""
"msgEquivalent";"Équivalent / autre présentation";"Équivalent / lukwikilu nkaka";"";""
"msgUnavailable";"Pas disponible";"Kele ve";"";""
"msgStAvailable";"✅ Disponible";"✅ Kele";"";""
"msgStAlternative";"🔁 Autre présentation";"🔁 Lukwikilu nkaka";"";""
"msgStUnavailable";"❌ Indisponible";"❌ Kele ve";"";""
"msgPricePh";"Prix en FCFA (obligatoire si disponible)";"Ntalu na FCFA (fwete kana kele)";"";""
"msgPhonePh";"Téléphone de la pharmacie (facultatif)";"Telefone ya pharmacie (kana nge zola)";"";""
"msgDetailPh";"Précision (ex. ouvert jusqu’à 21 h)";"Yika (mbandu: me fungula tii ngunga 21)";"";""
"msgSendAnswer";"Envoyer ma réponse";"Tinda mvutu na mono";"";""
"msgPriceRequired";"Indiquez le prix quand le produit est disponible.";"Koma ntalu kana produit kele.";"";""
"msgNeedHelp";"Besoin d’aide ? Assistance PHARMACORP";"Nge ke sosa lusadisu? Assistance ya PHARMACORP";"";""
"msgAgoMin";"il y a {n} min";"Miniti {n} me luta";"";""
"msgAgoHour";"il y a {n} h";"Ngunga {n} me luta";"";""
"msgAgoDay";"il y a {n} j";"Bilumbu {n} me luta";"";""
"msgPlaceholder";"Votre message…";"Message na nge…";"";""
"msgSend";"Envoyer";"Tinda";"Tambika";""
"msgReport";"Signaler cette conversation";"Zayisa kuzolula yai";"";""
"msgReported";"Conversation signalée à l’équipe PHARMACORP.";"Kuzolula me zayisama na équipe ya PHARMACORP.";"";""
"msgThreadNotFound";"Conversation introuvable.";"Kuzolula me monana ve.";"";""
"msgBubbleOpen";"Ouvrir la messagerie";"Fungula ba message";"";""
"msgBubbleHide";"Masquer la bulle";"Bomba bouton";"";""
"msgBubbleShow";"Afficher la messagerie";"Monisa ba message";"";""
"msgNotifBody";"Nouveau message ou nouvelle demande";"Message to kusenga ya sika";"";""
"msgMe";"Moi";"Mono";"";""
"formTablet";"Comprimé";"Comprimé";"";""
"formCapsule";"Gélule";"Gélule";"";""
"formSyrup";"Sirop";"Sirop";"";""
"formSuspension";"Suspension";"Suspension";"";""
"formInjectable";"Injectable";"Injectable";"";""
"formOintment";"Pommade";"Pommade";"";""
"formEyeDrops";"Collyre";"Collyre";"";""
"formSuppository";"Suppositoire";"Suppositoire";"";""
"formSachet";"Sachet";"Sachet";"";""
"formOther";"Autre";"Nkaka";"";""
"asTitle";"Assistance et annonces";"Assistance ti ba annonce";"Assistance na ba annonce";""
"asLoginNeeded";"Connectez-vous pour contacter l’assistance.";"Kota sambu na kubenga assistance.";"";""
"asWrite";"Écrire à l’équipe";"Koma na équipe";"";""
"asAssistance";"Assistance";"Assistance";"";""
"asAnnouncement";"Annonce";"Annonce";"";""
"asSubjectAnn";"Titre (ex. nom et fonction)";"Ntu ya kitini (mbandu: nkumbu ti kisalu)";"Ntu ya kitini (mbandu: nkumbu na kisalu)";""
"asSubject";"Objet";"Kikuma";"";""
"asDetailsAnn";"Détails : date, lieu, informations utiles…";"Bikuma: kilumbu, kisika, mambu ya mbote…";"";""
"asDescribe";"Décrivez votre demande";"Longa kusenga na nge";"";""
"asAttach";"Joindre des photos";"Vukisa ba foto";"";""
"asAttachMore";"Ajouter une photo";"Vukisa foto";"";""
"asRemovePhoto";"Retirer la photo";"Katula foto";"";""
"asContactNote";"Vous serez recontacté sur le numéro WhatsApp et l’e-mail de votre compte.";"Bo take benga nge na numéro ya WhatsApp ti e-mail ya compte na nge.";"Bo take benga nge na numéro ya WhatsApp na e-mail ya compte na nge.";""
"asVerifyNote";"Toute annonce est vérifiée par l’équipe avant diffusion.";"Annonce yonso ke talama na équipe ntete ya kupanza yo.";"";""
"asSendAnn";"Envoyer l’annonce";"Tinda annonce";"";""
"asSendAssist";"Envoyer à l’assistance";"Tinda na assistance";"";""
"asSentAnn";"Annonce transmise à l’équipe PHARMACORP, qui la vérifie avant diffusion.";"Annonce me tinda na équipe ya PHARMACORP, ya take tala yo ntete ya kupanza.";"";""
"asSentAssist";"Message envoyé à l’assistance. Vous serez recontacté.";"Message me tinda na assistance. Bo take benga nge.";"";""
"asMySends";"Mes envois";"Ya mono me tinda";"";""
"asStNew";"En attente";"Ke yindula";"";""
"asStPublished";"Diffusée";"Me panzama";"";""
"asStDone";"Traitée";"Me salama";"";""
"asStRejected";"Refusée";"Me nduma";"";""
"asWhatsapp";"WhatsApp";"WhatsApp";"";""
"asEmail";"E-mail";"E-mail";"";""
"annDeathDoctor";"Décès d’un médecin";"Lufwa ya munganga";"";""
"annDeathNurse";"Décès d’un(e) infirmier(ère)";"Lufwa ya infirmier(ère)";"";""
"annDeathPharmacist";"Décès d’un pharmacien";"Lufwa ya pharmacien";"";""
"annDeathOther";"Décès d’un autre professionnel de santé";"Lufwa ya professionnel ya santé nkaka";"";""
"annEvent";"Événement / formation";"Likambu / formation";"";""
"annOther";"Autre annonce";"Annonce nkaka";"";""
"photoPickDenied";"L’accès aux photos est refusé.";"Kukota na ba foto me kanga.";"";""
"photoLoadFail";"Impossible de charger la photo.";"Foto lenda kota ve.";"";""
"newsTitle";"Actualités";"Mambu";"Mampolo";""
"newsSubtitle";"Alertes, ruptures, nouveaux médicaments, formations · professionnels vérifiés";"Ba alerte, kubeba ya ba nti, ba nti ya sika, ba formation · ba professionnel me talama";"";""
"newsUnavailable";"Les actualités sont momentanément indisponibles. Vérifiez votre connexion et réessayez.";"Mambu kele ve na ntangu fioti. Tala internet mpi meka diaka.";"Mambu kele ve na ntangu fioti. Tala internet mpe meka diaka.";""
"newsEmptyCat";"Rien dans cette catégorie pour le moment.";"Kima mosi ve na catégorie yai sika.";"";""
"catAlerts";"Alertes";"Ba alerte";"";""
"catShortages";"Ruptures";"Kubeba";"";""
"catDrugs";"Médicaments";"Ba nti";"";""
"catScience";"Science";"Science";"";""
"catTraining";"Formations";"Ba formation";"";""
"catCongress";"Congrès";"Ba congrès";"";""
"catAfrica";"Afrique";"Afelika";"";""
"catHealth";"Santé";"Santé";"";""
"catAdvice";"Conseils";"Ba conseil";"";""
"newsUrgent";"URGENT";"NGOLO";"";""
"newsImportant";"IMPORTANT";"FWETE";"";""
"newsAutoTr";"Traduction automatique";"Traduction ya machine";"";""
"newsProductAlert";"⚠️ ALERTE SUR UN PRODUIT DE LA BASE";"⚠️ ALERTE NA PRODUIT YA BASE";"";""
"newsSubstance";"Substance : {dci} · vérifiez la référence exacte sur la source officielle.";"Substance: {dci} · tala référence ya kyeleka na kisika ya officiel.";"";""
"newsEduNote";"Conseil éducatif : il ne remplace pas l’avis d’un professionnel de santé.";"Conseil ya kulonguka: ke baka ve kisika ya kikanisa ya professionnel ya santé.";"";""
"newsSource";"Source : {name}";"Kisika: {name}";"";""
"newsOriginalEn";" · original en anglais";" · ya ntete na lingelesi";"";""
"newsOfficial";"Source officielle ↗";"Kisika ya officiel ↗";"";""
"newsMore";"Voir plus";"Tala mingi";"";""
"tipKicker";"💡 CONSEIL SANTÉ DU JOUR";"💡 CONSEIL YA SANTÉ YA KILUMBU";"";""
"tipMore";"En savoir plus";"Zaba mingi";"";""
"tipEdu";"PHARMACORP · éducatif";"PHARMACORP · kulonguka";"";""
"bcastClosing";"PHARMACORP · cette annonce se ferme dans {n} s";"PHARMACORP · annonce yai take kangama na sekonde {n}";"";""
"pricesTitle";"Prix des médicaments";"Ntalu ya ba nti";"Ntalu ya bilongo";""
"pricesLoginNeeded";"Connectez-vous pour vérifier les prix.";"Kota sambu na kutala ba ntalu.";"";""
"pricesLockedSub";"Fonction incluse dans certaines offres d’abonnement.";"Kisalu yai kele na kati ya ba offre nkaka ya abonnement.";"";""
"pricesSeePlans";"Voir les abonnements";"Tala ba abonnement";"";""
"pricesBase";"Base PHARMACORP · {n} produits · prix publics indicatifs";"Base ya PHARMACORP · ba produit {n} · ba ntalu ya kumonisa";"";""
"pricesSearchPh";"Nom ou substance (ex. amoxicilline)";"Nkumbu to substance (mbandu: amoxicilline)";"Nkumbu ya bilongo…";""
"pricesNoBase";"La base de prix n’est pas encore disponible sur cet appareil. Connectez-vous à Internet puis ouvrez Paramètres › Synchroniser.";"Base ya ba ntalu kele naino ve na appareil yai. Kota na internet mpi fungula Bansikulu › Synchroniser.";"Base ya ba ntalu kele naino ve na appareil yai. Kota na internet mpe fungula Bansikulu › Synchroniser.";""
"pricesNoneFound";"Aucun produit trouvé pour « {q} ».";"Produit mosi ve me monana sambu na « {q} ».";"";""
"pricesDisclaimer";"Prix donnés à titre indicatif ; vérifiez en officine. Données gérées par PHARMACORP.";"Ba ntalu kele ya kumonisa; tala na pharmacie. Ba données kele na PHARMACORP.";"";""
"eqTitle";"PHARMACORP Équivalence";"PHARMACORP Équivalence";"";""
"eqSubtitle";"Réservé aux professionnels de santé vérifiés · abonnement actif";"Ya ba professionnel ya santé me talama · abonnement ke sala";"";""
"eqHeading";"Équivalents, alternatives et ordonnances";"Ba équivalent, ba alternative ti ba ordonnance";"Ba équivalent, ba alternative na ba ordonnance";""
"eqOpening";"Ouverture de PHARMACORP Équivalence…";"Kufungula PHARMACORP Équivalence…";"";""
"eqDesc";"Retrouvez les équivalents de chaque médicament, les alternatives, le conseiller et la lecture d’ordonnance.";"Baka ba équivalent ya nti yonso, ba alternative, conseiller ti kutanga ordonnance.";"Baka ba équivalent ya nti yonso, ba alternative, conseiller na kutanga ordonnance.";""
"eqOpenBtn";"Ouvrir PHARMACORP Équivalence";"Fungula PHARMACORP Équivalence";"";""
"eqTip";"Connectez-vous avec le compte créé sur Équivalence. Astuce : sur le navigateur du téléphone, « Ajouter à l’écran d’accueil » pour l’installer.";"Kota ti compte nge me bongisa na Équivalence. Ndongisila: na navigateur ya telefone, landa « Ajouter à l’écran d’accueil » sambu na kutula yo.";"Kota na compte nge me bongisa na Équivalence. Ndongisila: na navigateur ya telefone, landa « Ajouter à l’écran d’accueil » sambu na kutula yo.";""
"proAccessTitle";"Accéder à l’application";"Kwenda na application";"";""
"proWorkplace";"Pharmacie / structure où vous exercez (ex. Pharmacie du Centre)";"Pharmacie / kisika nge ke salaka (mbandu: Pharmacie ya Centre)";"";""
"avatarAdd";"Ajouter une photo de profil";"Vukisa foto ya profil";"";""
"avatarChange";"Changer ma photo";"Chenga foto na mono";"";""
"svcCycle";"Suivi du cycle";"Kulanda cycle";"";""
"svcPregnancy";"Suivi de grossesse";"Kulanda zemi";"";""
"svcFamily";"Famille";"Dikanda";"";""
"svcBio";"Suivi biologique";"Kulanda ba analyse";"";""
"svcPass";"Pass Santé";"Pass Santé";"";""
"svcEquivalence";"PHARMACORP Équivalence";"PHARMACORP Équivalence";"";""
"svcPrix";"Prix des médicaments";"Ntalu ya ba nti";"";""
"svcActualites";"Actualités et conseils santé";"Mambu ti ba conseil ya santé";"Mambu na ba conseil ya santé";""
"svcDispo";"Messagerie et disponibilité";"Ba message ti ba nti ya kele";"Ba message na ba nti ya kele";""
"svcGuide";"Guide thérapeutique";"Guide ya thérapeutique";"";""
"freePriceTitle";"Prix libre";"Ntalu ya kimpa";"";""
"freePriceTag";"prix libre · indicatif";"ntalu ya kimpa · ya kumonisa";"";""
"freePriceNote";"Prix libre : les produits de parapharmacie, cosmétiques et compléments alimentaires n’ont pas de prix homologué. Le prix affiché n’est qu’une référence : il peut varier d’une pharmacie à l’autre.";"Ntalu ya kimpa: bima ya parapharmacie, cosmétique ti complément alimentaire kele ti ntalu ya leta ve. Ntalu ya kumonisa kele kaka mbandu, mpi ke chengama na pharmacie mosi ti nkaka.";"Ntalu ya kimpa: bima ya parapharmacie, cosmétique na complément alimentaire kele na ntalu ya leta ve. Ntalu ya kumonisa kele kaka mbandu, mpe ke chengama na pharmacie mosi na nkaka.";""
"freePriceLegal";"PHARMACORP et RGK SARL ne sauraient être tenues responsables d’un écart de prix constaté en pharmacie : seul le prix affiché en officine fait foi.";"PHARMACORP ti RGK SARL ke zwa ndambu ve kana ntalu me chenga na pharmacie: kaka ntalu ya me sonika na pharmacie kele ya kieleka.";"PHARMACORP na RGK SARL ke zwa ndambu ve kana ntalu me chenga na pharmacie: kaka ntalu ya me sonika na pharmacie kele ya kieleka.";""
"freePriceModalTitle";"Prix libre : à titre indicatif";"Ntalu ya kimpa: ya kumonisa kaka";"";""